Date,Open,High,Low,Close,Adj Close,Volume
2020-01-02,46.56999969482422,46.63999938964844,45.880001068115234,46.11000061035156,41.76837921142578,3081000
2020-01-03,45.88999938964844,46.189998626708984,45.720001220703125,46.02000045776367,41.68686294555664,2259500
2020-01-06,45.790000915527344,45.849998474121094,45.31999969482422,45.65999984741211,41.36076354980469,2831700
2020-01-07,45.56999969482422,45.689998626708984,45.099998474121094,45.11000061035156,40.862545013427734,2265200
2020-01-08,45.11000061035156,45.22999954223633,44.380001068115234,44.61000061035156,40.40962600708008,3346400
2020-01-09,44.33000183105469,44.33000183105469,43.029998779296875,44.150001525878906,39.992942810058594,4080200
2020-01-10,44.369998931884766,44.459999084472656,43.79999923706055,43.95000076293945,39.811763763427734,2311400
2020-01-13,44.040000915527344,44.47999954223633,43.97999954223633,44.41999816894531,40.237510681152344,3167800
2020-01-14,44.5099983215332,44.63999938964844,44.08000183105469,44.5,40.30998611450195,4798500
2020-01-15,44.349998474121094,44.84000015258789,44.0099983215332,44.38999938964844,40.2103385925293,2586700
2020-01-16,44.650001525878906,45.459999084472656,44.59000015258789,45.34000015258789,41.07088851928711,2585000
2020-01-17,45.400001525878906,45.54999923706055,45.11000061035156,45.25,40.98936462402344,2741700
2020-01-21,45.099998474121094,45.38999938964844,44.869998931884766,45.119998931884766,40.87160110473633,2663400
2020-01-22,45.2400016784668,45.310001373291016,44.88999938964844,44.93000030517578,40.69949722290039,2101400
2020-01-23,44.7400016784668,45.040000915527344,44.5099983215332,44.970001220703125,40.73572540283203,1459900
2020-01-24,45.04999923706055,45.060001373291016,43.97999954223633,44.29999923706055,40.12881088256836,2169300
2020-01-27,43.7599983215332,43.900001525878906,43.369998931884766,43.529998779296875,39.43130874633789,2718500
2020-01-28,43.70000076293945,44.11000061035156,43.529998779296875,43.91999816894531,39.78459167480469,2219100
2020-01-29,44.060001373291016,44.099998474121094,43.65999984741211,43.68000030517578,39.56718444824219,2799500
2020-01-30,45.619998931884766,46.0,44.779998779296875,45.79999923706055,41.487579345703125,5958800
2020-01-31,45.47999954223633,45.619998931884766,44.54999923706055,44.7599983215332,40.54549789428711,8398100
2020-02-03,44.970001220703125,45.27000045776367,44.63999938964844,44.959999084472656,40.72666931152344,3939400
2020-02-04,45.5,45.689998626708984,45.27000045776367,45.369998931884766,41.09806823730469,2567400
2020-02-05,45.779998779296875,46.13999938964844,45.689998626708984,46.06999969482422,41.732154846191406,3038600
2020-02-06,46.189998626708984,46.33000183105469,45.939998626708984,45.97999954223633,41.65062713623047,2387300
2020-02-07,45.72999954223633,46.0,45.54999923706055,45.709999084472656,41.40605545043945,2289400
2020-02-10,45.599998474121094,45.869998931884766,45.36000061035156,45.68000030517578,41.378868103027344,1695300
2020-02-11,45.900001525878906,46.5099983215332,45.72999954223633,46.119998931884766,41.77745056152344,2200100
2020-02-12,45.95000076293945,46.16999816894531,45.59000015258789,45.61000061035156,41.6405029296875,2281000
2020-02-13,45.41999816894531,45.630001068115234,45.02000045776367,45.27000045776367,41.3300895690918,2317400
2020-02-14,45.08000183105469,45.15999984741211,44.619998931884766,44.77000045776367,40.87360382080078,2513200
2020-02-18,44.47999954223633,44.650001525878906,44.15999984741211,44.45000076293945,40.58146286010742,2512100
2020-02-19,44.5,44.529998779296875,43.880001068115234,43.970001220703125,40.14323043823242,2257000
2020-02-20,43.75,44.33000183105469,43.68000030517578,44.22999954223633,40.3806037902832,1951000
2020-02-21,44.09000015258789,44.150001525878906,43.58000183105469,43.900001525878906,40.079322814941406,2645800
2020-02-24,42.7599983215332,43.0099983215332,42.5,42.81999969482422,39.09331512451172,3011000
2020-02-25,42.88999938964844,42.939998626708984,40.38999938964844,40.43000030517578,36.91132354736328,3364800
2020-02-26,40.65999984741211,41.119998931884766,39.86000061035156,39.869998931884766,36.400054931640625,5251700
2020-02-27,39.25,39.310001373291016,37.59000015258789,37.619998931884766,34.345882415771484,4476100
2020-02-28,36.630001068115234,37.650001525878906,35.779998779296875,37.650001525878906,34.37326431274414,8056800
2020-03-02,38.189998626708984,38.84000015258789,37.56999969482422,38.84000015258789,35.45970153808594,4829300
2020-03-03,38.56999969482422,39.599998474121094,37.84000015258789,38.060001373291016,34.74758529663086,4886600
2020-03-04,38.77000045776367,39.38999938964844,38.33000183105469,39.369998931884766,35.94357681274414,2971300
2020-03-05,38.380001068115234,38.849998474121094,38.0099983215332,38.33000183105469,34.99408721923828,2848400
2020-03-06,36.95000076293945,38.11000061035156,36.900001525878906,37.63999938964844,34.364139556884766,4051200
2020-03-09,35.4900016784668,37.540000915527344,34.97999954223633,35.29999923706055,32.2277946472168,6747000
2020-03-10,36.459999084472656,37.150001525878906,34.65999984741211,37.119998931884766,33.8893928527832,7447300
2020-03-11,35.709999084472656,36.33000183105469,34.56999969482422,35.06999969482422,32.01780700683594,4993300
2020-03-12,32.970001220703125,33.7599983215332,31.459999084472656,31.540000915527344,28.79503059387207,7272700
2020-03-13,33.0099983215332,34.689998626708984,31.329999923706055,34.63999938964844,31.6252384185791,6236600
2020-03-16,31.100000381469727,34.59000015258789,31.010000228881836,32.68000030517578,29.835813522338867,5685000
2020-03-17,33.529998779296875,35.279998779296875,33.099998474121094,35.2599983215332,32.19126892089844,4465100
2020-03-18,33.130001068115234,33.33000183105469,31.059999465942383,33.02000045776367,30.146224975585938,4471500
2020-03-19,32.91999816894531,35.0,31.600000381469727,33.459999084472656,30.54792594909668,3483900
2020-03-20,33.88999938964844,33.88999938964844,30.43000030517578,30.610000610351562,27.94597053527832,5009900
2020-03-23,30.219999313354492,31.0,28.920000076293945,29.309999465942383,26.759111404418945,4870400
2020-03-24,30.850000381469727,32.4900016784668,30.5,32.31999969482422,29.50714683532715,5301800
2020-03-25,32.380001068115234,34.029998779296875,31.8799991607666,32.70000076293945,29.854074478149414,3921500
2020-03-26,33.119998931884766,34.790000915527344,32.83000183105469,34.459999084472656,31.460895538330078,3556900
2020-03-27,33.5,34.43000030517578,33.150001525878906,33.5,30.584447860717773,3277700
2020-03-30,33.779998779296875,36.0,33.279998779296875,35.83000183105469,32.711669921875,3215300
2020-03-31,35.86000061035156,36.47999954223633,34.72999954223633,35.18000030517578,32.11823654174805,3882200
2020-04-01,33.70000076293945,34.970001220703125,33.52000045776367,33.869998931884766,30.922245025634766,3496900
2020-04-02,33.720001220703125,35.20000076293945,33.540000915527344,34.33000183105469,31.34221076965332,3022600
2020-04-03,34.04999923706055,34.779998779296875,33.849998474121094,34.650001525878906,31.634357452392578,2582000
2020-04-06,35.84000015258789,36.02000045776367,35.2599983215332,35.779998779296875,32.666015625,5224600
2020-04-07,36.810001373291016,37.58000183105469,35.86000061035156,35.97999954223633,32.848609924316406,3180800
2020-04-08,36.22999954223633,36.84000015258789,35.77000045776367,36.47999954223633,33.30509948730469,2560500
2020-04-09,36.790000915527344,37.84000015258789,36.65999984741211,37.58000183105469,34.309364318847656,4278700
2020-04-13,37.2599983215332,37.400001525878906,35.650001525878906,36.06999969482422,32.9307746887207,3178500
2020-04-14,36.86000061035156,37.52000045776367,36.439998626708984,37.2400016784668,33.998958587646484,3445500
2020-04-15,36.2400016784668,36.5,35.22999954223633,35.4900016784668,32.40126037597656,2691000
2020-04-16,35.630001068115234,35.900001525878906,34.68000030517578,35.65999984741211,32.55646514892578,2736900
2020-04-17,36.70000076293945,37.349998474121094,36.310001373291016,37.189998626708984,33.95330047607422,3870200
2020-04-20,36.56999969482422,37.4900016784668,36.310001373291016,36.34000015258789,33.17728042602539,2588400
2020-04-21,35.7599983215332,35.779998779296875,34.86000061035156,35.0,31.953901290893555,2906600
2020-04-22,35.52000045776367,35.709999084472656,34.7599983215332,35.400001525878906,32.319091796875,3132800
2020-04-23,35.59000015258789,36.20000076293945,35.470001220703125,35.7400016784668,32.6295051574707,2417400
2020-04-24,36.08000183105469,36.15999984741211,35.36000061035156,35.9900016784668,32.85773849487305,2244700
2020-04-27,35.869998931884766,36.709999084472656,35.810001373291016,36.540000915527344,33.3598747253418,1906500
2020-04-28,37.16999816894531,37.310001373291016,36.310001373291016,37.16999816894531,33.93504333496094,2657800
2020-04-29,37.900001525878906,38.599998474121094,37.63999938964844,38.40999984741211,35.06712341308594,3875400
2020-04-30,38.400001525878906,38.709999084472656,37.04999923706055,37.13999938964844,33.907657623291016,4571500
2020-05-01,36.65999984741211,36.93000030517578,34.939998626708984,35.119998931884766,32.063446044921875,2772900
2020-05-04,34.77000045776367,34.959999084472656,34.349998474121094,34.7599983215332,31.734786987304688,2530500
2020-05-05,35.150001525878906,35.56999969482422,34.91999816894531,34.959999084472656,31.917387008666992,2623400
2020-05-06,35.08000183105469,35.310001373291016,34.310001373291016,34.400001525878906,31.40612030029297,2934400
2020-05-07,34.88999938964844,35.220001220703125,34.689998626708984,34.7599983215332,31.734786987304688,2964600
2020-05-08,35.400001525878906,36.4900016784668,35.25,36.38999938964844,33.222923278808594,2890500
2020-05-11,36.0,36.08000183105469,35.06999969482422,35.43000030517578,32.34648132324219,2588600
2020-05-12,35.869998931884766,36.029998779296875,34.65999984741211,34.7400016784668,31.71653175354004,2321900
2020-05-13,34.5,34.79999923706055,33.630001068115234,33.84000015258789,30.89485740661621,2888800
2020-05-14,33.41999816894531,34.220001220703125,33.0099983215332,34.15999984741211,31.187002182006836,2448700
2020-05-15,34.0,34.77000045776367,33.90999984741211,34.119998931884766,31.150487899780273,6204700
2020-05-18,35.209999084472656,35.9900016784668,35.18000030517578,35.79999923706055,32.68428039550781,2599800
2020-05-19,35.43000030517578,35.439998626708984,34.7599983215332,34.81999969482422,32.112483978271484,1980700
2020-05-20,35.16999816894531,35.45000076293945,35.02000045776367,35.349998474121094,32.60127258300781,1955300
2020-05-21,35.099998474121094,35.31999969482422,34.88999938964844,35.119998931884766,32.38915252685547,1817300
2020-05-22,35.04999923706055,35.40999984741211,34.810001373291016,35.380001068115234,32.62894058227539,1745700
2020-05-26,36.310001373291016,37.349998474121094,36.29999923706055,37.130001068115234,34.24287414550781,2720900
2020-05-27,37.720001220703125,39.0,37.720001220703125,39.0,35.96746063232422,4187100
2020-05-28,39.66999816894531,39.66999816894531,38.88999938964844,39.0,35.96746063232422,4333100
2020-05-29,38.63999938964844,39.45000076293945,38.4900016784668,39.310001373291016,36.25335693359375,3755800
2020-06-01,39.08000183105469,39.08000183105469,38.4900016784668,38.88999938964844,35.86601257324219,2563100
2020-06-02,39.0,39.709999084472656,38.83000183105469,39.66999816894531,36.58536148071289,2902300
2020-06-03,40.0,40.630001068115234,39.939998626708984,40.5099983215332,37.360050201416016,2280500
2020-06-04,40.2400016784668,41.15999984741211,40.029998779296875,41.13999938964844,37.94105529785156,2463500
2020-06-05,41.95000076293945,42.880001068115234,41.95000076293945,42.52000045776367,39.21375274658203,3539700
2020-06-08,42.52000045776367,42.91999816894531,41.88999938964844,42.88999938964844,39.55497741699219,4290500
2020-06-09,42.119998931884766,42.70000076293945,41.880001068115234,42.380001068115234,39.084632873535156,3929400
2020-06-10,42.310001373291016,42.400001525878906,41.279998779296875,41.34000015258789,38.125511169433594,4093400
2020-06-11,40.150001525878906,40.38999938964844,38.54999923706055,38.599998474121094,35.59856033325195,3486800
2020-06-12,39.599998474121094,39.970001220703125,38.65999984741211,39.43000030517578,36.36402130126953,3304600
2020-06-15,38.25,39.58000183105469,38.040000915527344,39.5,36.428585052490234,2955000
2020-06-16,40.72999954223633,41.400001525878906,40.189998626708984,40.75,37.581382751464844,2780800
2020-06-17,41.0099983215332,41.0099983215332,40.150001525878906,40.470001220703125,37.32316207885742,2347200
2020-06-18,40.11000061035156,40.65999984741211,39.939998626708984,40.58000183105469,37.42460250854492,2139600
2020-06-19,41.25,41.66999816894531,40.189998626708984,40.2400016784668,37.11104202270508,5032300
2020-06-22,40.09000015258789,40.220001220703125,39.5099983215332,40.0,36.88970184326172,1551400
2020-06-23,40.5,40.5,39.91999816894531,39.93000030517578,36.825138092041016,2217200
2020-06-24,39.43000030517578,39.599998474121094,38.93000030517578,39.31999969482422,36.262569427490234,3655800
2020-06-25,39.15999984741211,40.04999923706055,39.0099983215332,39.95000076293945,36.84359359741211,2568900
2020-06-26,39.81999969482422,39.86000061035156,38.720001220703125,38.93000030517578,35.90290069580078,4166900
2020-06-29,39.369998931884766,39.869998931884766,39.209999084472656,39.65999984741211,36.57613754272461,1799700
2020-06-30,39.7400016784668,40.04999923706055,39.45000076293945,39.900001525878906,36.79747009277344,2839600
2020-07-01,40.099998474121094,40.099998474121094,39.33000183105469,39.40999984741211,36.3455810546875,1991300
2020-07-02,40.0099983215332,40.5099983215332,39.52000045776367,39.560001373291016,36.48391342163086,2647400
2020-07-06,40.13999938964844,40.36000061035156,39.310001373291016,39.66999816894531,36.58536148071289,1961000
2020-07-07,39.20000076293945,39.380001068115234,39.0099983215332,39.220001220703125,36.17035675048828,2271900
2020-07-08,39.20000076293945,39.380001068115234,38.43000030517578,38.68000030517578,35.67233657836914,2520300
2020-07-09,38.47999954223633,38.4900016784668,37.540000915527344,37.810001373291016,34.869991302490234,2281700
2020-07-10,37.900001525878906,39.400001525878906,37.900001525878906,39.380001068115234,36.31791305541992,1869300
2020-07-13,39.7599983215332,40.150001525878906,39.540000915527344,39.7599983215332,36.668365478515625,3270200
2020-07-14,39.790000915527344,40.56999969482422,39.439998626708984,40.439998626708984,37.29548645019531,2169700
2020-07-15,41.0,41.20000076293945,40.599998474121094,40.900001525878906,37.719722747802734,2132500
2020-07-16,40.81999969482422,41.34000015258789,40.58000183105469,40.959999084472656,37.77505874633789,2496600
2020-07-17,41.08000183105469,41.33000183105469,40.900001525878906,41.16999816894531,37.968727111816406,1974200
2020-07-20,41.0,41.0,40.220001220703125,40.220001220703125,37.09259033203125,2115300
2020-07-21,40.36000061035156,41.34000015258789,40.29999923706055,40.86000061035156,37.682830810546875,1855400
2020-07-22,40.779998779296875,41.29999923706055,40.59000015258789,41.15999984741211,37.959503173828125,1862800
2020-07-23,41.29999923706055,42.27000045776367,41.20000076293945,42.2599983215332,38.973968505859375,2616600
2020-07-24,42.38999938964844,42.70000076293945,41.970001220703125,42.09000015258789,38.81719207763672,2458800
2020-07-27,41.31999969482422,42.150001525878906,40.79999923706055,42.130001068115234,38.85407638549805,2290700
2020-07-28,42.130001068115234,42.970001220703125,42.130001068115234,42.59000015258789,39.27830505371094,2556200
2020-07-29,43.0,43.279998779296875,42.56999969482422,42.91999816894531,39.582645416259766,2714700
2020-07-30,43.0,43.599998474121094,42.72999954223633,43.36000061035156,39.98844528198242,2856600
2020-07-31,43.2599983215332,43.58000183105469,42.029998779296875,42.83000183105469,39.49965286254883,3500900
2020-08-03,42.970001220703125,43.34000015258789,42.709999084472656,42.93000030517578,39.59186935424805,2236200
2020-08-04,42.83000183105469,42.900001525878906,42.470001220703125,42.720001220703125,39.398197174072266,1979200
2020-08-05,43.0,43.459999084472656,42.91999816894531,43.34000015258789,39.96998596191406,2217200
2020-08-06,43.310001373291016,43.790000915527344,43.29999923706055,43.54999923706055,40.163665771484375,1745900
2020-08-07,43.369998931884766,44.099998474121094,43.290000915527344,44.029998779296875,40.60633850097656,2241400
2020-08-10,44.13999938964844,44.7599983215332,44.130001068115234,44.4900016784668,41.03057861328125,1936800
2020-08-11,45.0,45.209999084472656,44.31999969482422,44.38999938964844,40.93834686279297,2169500
2020-08-12,44.83000183105469,44.90999984741211,44.369998931884766,44.45000076293945,40.993682861328125,1940100
2020-08-13,44.52000045776367,44.88999938964844,44.15999984741211,44.43000030517578,40.9752311706543,2317300
2020-08-14,44.189998626708984,44.720001220703125,44.06999969482422,44.59000015258789,41.12279510498047,1633700
2020-08-17,44.529998779296875,44.779998779296875,44.29999923706055,44.38999938964844,40.93834686279297,1907100
2020-08-18,44.18000030517578,44.540000915527344,44.029998779296875,44.310001373291016,41.19868469238281,1574100
2020-08-19,44.130001068115234,44.58000183105469,43.88999938964844,44.060001373291016,40.966243743896484,1847000
2020-08-20,43.41999816894531,43.65999984741211,43.209999084472656,43.4900016784668,40.43626403808594,1723100
2020-08-21,43.380001068115234,43.66999816894531,43.209999084472656,43.59000015258789,40.52923583984375,2381900
2020-08-24,43.81999969482422,44.459999084472656,43.63999938964844,44.45000076293945,41.328853607177734,2211500
2020-08-25,44.790000915527344,44.91999816894531,44.08000183105469,44.29999923706055,41.189388275146484,2025300
2020-08-26,44.47999954223633,44.63999938964844,44.02000045776367,44.47999954223633,41.356746673583984,1782600
2020-08-27,44.58000183105469,44.90999984741211,44.459999084472656,44.720001220703125,41.579898834228516,2906500
2020-08-28,44.70000076293945,44.970001220703125,44.27000045776367,44.900001525878906,41.74726104736328,2279100
2020-08-31,44.93000030517578,44.970001220703125,44.54999923706055,44.7599983215332,41.61708450317383,2306300
2020-09-01,44.52000045776367,45.15999984741211,44.41999816894531,45.13999938964844,41.97040557861328,2805500
2020-09-02,45.209999084472656,45.880001068115234,45.119998931884766,45.7400016784668,42.528282165527344,3050500
2020-09-03,45.83000183105469,46.4900016784668,45.5099983215332,45.810001373291016,42.59336471557617,3940400
2020-09-04,46.060001373291016,46.70000076293945,45.97999954223633,46.4900016784668,43.22561264038086,4156800
2020-09-08,46.29999923706055,46.619998931884766,45.220001220703125,45.220001220703125,42.04479217529297,6292900
2020-09-09,45.5099983215332,46.34000015258789,45.470001220703125,46.04999923706055,42.816505432128906,3267300
2020-09-10,45.86000061035156,46.59000015258789,45.86000061035156,46.02000045776367,42.78861618041992,3122100
2020-09-11,46.130001068115234,46.970001220703125,46.0099983215332,46.88999938964844,43.5975227355957,3286500
2020-09-14,47.0,47.7599983215332,46.959999084472656,47.5,44.16468811035156,3331600
2020-09-15,47.779998779296875,47.900001525878906,47.27000045776367,47.470001220703125,44.13679885864258,2795900
2020-09-16,47.540000915527344,48.209999084472656,47.529998779296875,47.65999984741211,44.313453674316406,4542000
2020-09-17,47.34000015258789,48.099998474121094,47.02000045776367,47.77000045776367,44.41572570800781,5066300
2020-09-18,47.4900016784668,48.560001373291016,47.4900016784668,47.63999938964844,44.29486846923828,7380600
2020-09-21,46.959999084472656,47.029998779296875,45.90999984741211,46.5099983215332,43.244197845458984,5648400
2020-09-22,46.369998931884766,47.0099983215332,46.33000183105469,47.0,43.69980239868164,4315600
2020-09-23,46.97999954223633,47.20000076293945,45.099998474121094,45.15999984741211,41.98900604248047,3229000
2020-09-24,45.15999984741211,45.810001373291016,44.58000183105469,45.470001220703125,42.27723693847656,1607200
2020-09-25,45.130001068115234,46.130001068115234,45.040000915527344,46.08000183105469,42.84440612792969,1993100
2020-09-28,46.68000030517578,47.099998474121094,46.439998626708984,46.5,43.23490905761719,2514300
2020-09-29,46.58000183105469,46.58000183105469,45.7400016784668,45.97999954223633,42.75141906738281,1718800
2020-09-30,46.33000183105469,46.810001373291016,46.060001373291016,46.4900016784668,43.22561264038086,2584000
2020-10-01,46.65999984741211,46.75,46.189998626708984,46.599998474121094,43.327884674072266,1997000
2020-10-02,45.95000076293945,47.04999923706055,45.93000030517578,46.7400016784668,43.45805740356445,2238200
2020-10-05,47.040000915527344,47.81999969482422,46.939998626708984,47.779998779296875,44.42502975463867,3029700
2020-10-06,47.849998474121094,48.59000015258789,47.439998626708984,47.599998474121094,44.25767135620117,2580200
2020-10-07,48.040000915527344,48.45000076293945,47.90999984741211,48.310001373291016,44.917816162109375,2187100
2020-10-08,48.52000045776367,48.86000061035156,48.29999923706055,48.849998474121094,45.419898986816406,2465500
2020-10-09,49.0,49.5099983215332,48.900001525878906,48.970001220703125,45.531471252441406,2990400
2020-10-12,49.220001220703125,50.029998779296875,49.189998626708984,49.9900016784668,46.479862213134766,2778000
2020-10-13,49.72999954223633,49.72999954223633,48.47999954223633,48.83000183105469,45.401302337646484,2735900
2020-10-14,48.029998779296875,49.13999938964844,47.849998474121094,48.849998474121094,45.419898986816406,4577400
2020-10-15,48.45000076293945,49.970001220703125,48.18000030517578,49.939998626708984,46.43336486816406,2759200
2020-10-16,50.040000915527344,50.220001220703125,49.630001068115234,49.790000915527344,46.29390335083008,2192300
2020-10-19,50.709999084472656,51.470001220703125,50.0,50.310001373291016,46.777381896972656,3823700
2020-10-20,50.83000183105469,51.310001373291016,50.52000045776367,50.869998931884766,47.29806137084961,3246900
2020-10-21,50.77000045776367,51.599998474121094,50.77000045776367,50.810001373291016,47.242271423339844,2711000
2020-10-22,50.880001068115234,51.779998779296875,50.81999969482422,51.68000030517578,48.05118942260742,2309400
2020-10-23,51.880001068115234,52.04999923706055,51.59000015258789,51.869998931884766,48.227840423583984,2028100
2020-10-26,51.66999816894531,51.77000045776367,50.84000015258789,51.189998626708984,47.5955924987793,2491400
2020-10-27,51.0099983215332,51.2400016784668,50.36000061035156,50.36000061035156,46.823875427246094,2911500
2020-10-28,49.70000076293945,50.91999816894531,49.459999084472656,49.52000045776367,46.04286193847656,4291300
2020-10-29,49.380001068115234,50.279998779296875,48.93000030517578,49.91999816894531,46.414764404296875,3687400
2020-10-30,48.0,49.58000183105469,45.68000030517578,46.2400016784668,42.993167877197266,6630100
2020-11-02,47.150001525878906,48.58000183105469,46.95000076293945,48.560001373291016,45.15026092529297,4924800
2020-11-03,49.31999969482422,49.599998474121094,47.38999938964844,47.900001525878906,44.53660583496094,4088600
2020-11-04,48.029998779296875,48.099998474121094,46.459999084472656,46.5099983215332,43.244197845458984,3781500
2020-11-05,47.04999923706055,48.41999816894531,46.869998931884766,47.90999984741211,44.5458984375,2946300
2020-11-06,48.20000076293945,48.72999954223633,47.75,48.27000045776367,44.8806266784668,3125400
2020-11-09,50.20000076293945,51.38999938964844,49.27000045776367,49.290000915527344,45.82900619506836,3642200
2020-11-10,49.650001525878906,50.63999938964844,49.4900016784668,50.150001525878906,46.62861251831055,2481900
2020-11-11,50.5,50.5,48.84000015258789,50.09000015258789,46.57283401489258,2523400
2020-11-12,49.880001068115234,49.880001068115234,48.84000015258789,49.33000183105469,45.86620330810547,2084400
2020-11-13,49.63999938964844,50.040000915527344,49.209999084472656,49.86000061035156,46.35898971557617,1628900
2020-11-16,50.650001525878906,50.650001525878906,49.79999923706055,50.40999984741211,46.870361328125,2765500
2020-11-17,50.029998779296875,50.459999084472656,49.52000045776367,50.15999984741211,46.637908935546875,1836400
2020-11-18,50.0,50.29999923706055,49.25,49.27000045776367,46.14157485961914,2332500
2020-11-19,49.0,49.06999969482422,48.119998931884766,48.91999816894531,45.81379318237305,1603200
2020-11-20,48.65999984741211,48.880001068115234,48.310001373291016,48.61000061035156,45.523475646972656,1814400
2020-11-23,48.75,49.119998931884766,48.279998779296875,48.810001373291016,45.71078109741211,1953400
2020-11-24,49.150001525878906,50.560001373291016,48.91999816894531,50.560001373291016,47.34965896606445,2669900
2020-11-25,50.369998931884766,50.709999084472656,49.790000915527344,50.5,47.2934684753418,2460700
2020-11-27,50.5,50.779998779296875,50.119998931884766,50.45000076293945,47.24664306640625,1383100
2020-11-30,50.20000076293945,50.27000045776367,49.400001525878906,49.77000045776367,46.60982131958008,2624900
2020-12-01,50.189998626708984,50.36000061035156,49.83000183105469,50.11000061035156,46.92823028564453,2373000
2020-12-02,49.95000076293945,50.189998626708984,49.36000061035156,49.4900016784668,46.34760665893555,2719300
2020-12-03,49.52000045776367,49.95000076293945,49.290000915527344,49.810001373291016,46.647281646728516,2128600
2020-12-04,49.9900016784668,50.58000183105469,49.970001220703125,50.56999969482422,47.3590202331543,2156800
2020-12-07,50.459999084472656,50.66999816894531,49.900001525878906,50.040000915527344,46.8626708984375,1877600
2020-12-08,49.790000915527344,50.650001525878906,49.65999984741211,50.36000061035156,47.16236114501953,1589700
2020-12-09,50.63999938964844,50.66999816894531,49.61000061035156,49.84000015258789,46.67538070678711,2517500
2020-12-10,49.84000015258789,49.84000015258789,48.849998474121094,49.20000076293945,46.076011657714844,3436400
2020-12-11,48.93000030517578,49.900001525878906,48.56999969482422,49.810001373291016,46.647281646728516,2868600
2020-12-14,50.279998779296875,50.33000183105469,48.689998626708984,48.689998626708984,45.59839630126953,2175700
2020-12-15,48.9900016784668,49.84000015258789,48.630001068115234,49.56999969482422,46.422523498535156,1861100
2020-12-16,49.5,49.709999084472656,48.810001373291016,49.20000076293945,46.076011657714844,1937200
2020-12-17,49.790000915527344,49.84000015258789,48.93000030517578,49.380001068115234,46.24458694458008,3056400
2020-12-18,49.310001373291016,49.83000183105469,48.93000030517578,49.68000030517578,46.525543212890625,5635200
2020-12-21,49.02000045776367,49.4900016784668,48.72999954223633,49.369998931884766,46.2352180480957,1859000
2020-12-22,49.27000045776367,49.45000076293945,48.689998626708984,48.72999954223633,45.63585662841797,1600100
2020-12-23,49.02000045776367,49.560001373291016,48.84000015258789,49.349998474121094,46.21649169921875,1692900
2020-12-24,49.40999984741211,49.5,49.02000045776367,49.439998626708984,46.300777435302734,411600
2020-12-28,49.79999923706055,49.970001220703125,49.4900016784668,49.70000076293945,46.54426956176758,1205600
2020-12-29,49.849998474121094,49.93000030517578,49.099998474121094,49.45000076293945,46.31014633178711,1354200
2020-12-30,49.45000076293945,50.18000030517578,49.34000015258789,49.90999984741211,46.74094009399414,1533200
2020-12-31,50.040000915527344,50.5099983215332,49.79999923706055,50.40999984741211,47.20918655395508,1698900
2021-01-04,50.400001525878906,51.029998779296875,49.36000061035156,49.869998931884766,46.70347595214844,3085900
2021-01-05,49.900001525878906,51.15999984741211,49.72999954223633,50.84000015258789,47.611881256103516,3080200
2021-01-06,51.22999954223633,53.56999969482422,51.13999938964844,52.900001525878906,49.541080474853516,3366900
2021-01-07,53.0,53.33000183105469,52.31999969482422,52.43000030517578,49.100921630859375,2863000
2021-01-08,52.619998931884766,53.11000061035156,51.70000076293945,52.56999969482422,49.23203659057617,2909100
2021-01-11,51.83000183105469,52.47999954223633,51.68000030517578,52.040000915527344,48.735687255859375,2238800
2021-01-12,52.15999984741211,52.15999984741211,51.38999938964844,51.400001525878906,48.136322021484375,2523100
2021-01-13,51.27000045776367,52.33000183105469,50.88999938964844,51.77000045776367,48.48283004760742,4196700
2021-01-14,52.36000061035156,53.380001068115234,52.15999984741211,52.869998931884766,49.51298522949219,2373900
2021-01-15,52.54999923706055,52.77000045776367,51.58000183105469,52.20000076293945,48.885528564453125,2676700
2021-01-19,52.90999984741211,53.25,52.529998779296875,53.099998474121094,49.7283821105957,3321700
2021-01-20,53.45000076293945,53.9900016784668,52.790000915527344,53.5,50.10298156738281,2307400
2021-01-21,53.31999969482422,53.630001068115234,52.689998626708984,52.790000915527344,49.43806457519531,1812500
2021-01-22,52.380001068115234,53.11000061035156,51.91999816894531,52.81999969482422,49.466163635253906,1818800
2021-01-25,52.81999969482422,53.689998626708984,52.529998779296875,53.09000015258789,49.71901321411133,2556200
2021-01-26,53.099998474121094,53.29999923706055,51.83000183105469,52.18000030517578,48.866798400878906,2637800
2021-01-27,51.529998779296875,51.939998626708984,49.279998779296875,49.58000183105469,46.431884765625,3744500
2021-01-28,49.93000030517578,51.310001373291016,49.58000183105469,51.0099983215332,47.77109146118164,2962100
2021-01-29,50.72999954223633,50.900001525878906,49.70000076293945,50.0099983215332,46.83458709716797,4765400
2021-02-01,50.47999954223633,50.75,50.18000030517578,50.47999954223633,47.27473449707031,2562300
2021-02-02,51.0,51.81999969482422,50.79999923706055,50.939998626708984,47.70553207397461,4181800
2021-02-03,50.9900016784668,51.58000183105469,50.7599983215332,51.439998626708984,48.17377471923828,2221700
2021-02-04,51.5099983215332,52.529998779296875,51.470001220703125,52.52000045776367,49.185211181640625,1874700
2021-02-05,53.029998779296875,53.310001373291016,52.68000030517578,53.29999923706055,49.915679931640625,2577500
2021-02-08,53.29999923706055,53.81999969482422,53.13999938964844,53.650001525878906,50.59468460083008,2233000
2021-02-09,53.75,54.70000076293945,53.369998931884766,54.47999954223633,51.37740707397461,2661300
2021-02-10,54.75,54.939998626708984,54.04999923706055,54.459999084472656,51.358551025390625,1975500
2021-02-11,54.47999954223633,54.95000076293945,53.959999084472656,54.91999816894531,51.792354583740234,2129800
2021-02-12,54.9900016784668,55.77000045776367,54.70000076293945,55.720001220703125,52.54679489135742,2166500
2021-02-16,56.060001373291016,56.90999984741211,55.79999923706055,56.04999923706055,52.85800552368164,2789500
2021-02-17,55.7599983215332,56.040000915527344,55.36000061035156,55.91999816894531,52.73540496826172,2517300
2021-02-18,55.630001068115234,56.349998474121094,55.540000915527344,55.81999969482422,52.64109802246094,2717000
2021-02-19,56.0,56.380001068115234,55.790000915527344,56.119998931884766,52.924015045166016,2402100
2021-02-22,56.29999923706055,57.189998626708984,56.119998931884766,56.849998474121094,53.61244201660156,2261900
2021-02-23,57.099998474121094,57.40999984741211,56.290000915527344,57.02000045776367,53.772762298583984,2539300
2021-02-24,57.2400016784668,58.630001068115234,57.099998474121094,58.47999954223633,55.149620056152344,2835800
2021-02-25,58.41999816894531,58.68000030517578,57.290000915527344,57.349998474121094,54.083961486816406,2436000
2021-02-26,57.119998931884766,57.540000915527344,56.470001220703125,56.58000183105469,53.357818603515625,2890600
2021-03-01,57.20000076293945,57.72999954223633,57.13999938964844,57.29999923706055,54.036808013916016,2100400
2021-03-02,57.380001068115234,57.84000015258789,57.0099983215332,57.369998931884766,54.102821350097656,2409500
2021-03-03,57.34000015258789,57.97999954223633,57.06999969482422,57.119998931884766,53.867061614990234,2597800
2021-03-04,57.13999938964844,57.369998931884766,54.939998626708984,55.4900016784668,52.32989501953125,3197200
2021-03-05,56.27000045776367,57.72999954223633,55.95000076293945,57.59000015258789,54.310298919677734,6637000
2021-03-08,57.77000045776367,58.900001525878906,57.09000015258789,57.7599983215332,54.470611572265625,2491600
2021-03-09,57.7599983215332,58.459999084472656,57.2599983215332,57.9900016784668,54.68751907348633,2982100
2021-03-10,58.0,58.790000915527344,57.70000076293945,58.38999938964844,55.06474304199219,2403000
2021-03-11,58.38999938964844,59.119998931884766,57.849998474121094,58.59000015258789,55.25334930419922,2784200
2021-03-12,58.83000183105469,58.869998931884766,58.20000076293945,58.25,54.932716369628906,2312700
2021-03-15,58.54999923706055,58.77000045776367,57.7599983215332,58.29999923706055,54.9798583984375,3116000
2021-03-16,58.150001525878906,58.470001220703125,57.40999984741211,57.779998779296875,54.48948287963867,1549500
2021-03-17,57.790000915527344,57.880001068115234,57.2400016784668,57.70000076293945,54.414039611816406,1666000
2021-03-18,57.900001525878906,58.380001068115234,57.380001068115234,57.61000061035156,54.329158782958984,2366400
2021-03-19,57.63999938964844,57.66999816894531,56.650001525878906,56.83000183105469,53.59357833862305,7885400
2021-03-22,55.81999969482422,56.439998626708984,55.599998474121094,56.43000030517578,53.21636199951172,3035200
2021-03-23,56.099998474121094,56.54999923706055,55.2599983215332,55.560001373291016,52.395904541015625,1831900
2021-03-24,55.7400016784668,56.869998931884766,55.72999954223633,55.91999816894531,52.73540496826172,2484500
2021-03-25,55.95000076293945,57.04999923706055,55.65999984741211,56.880001068115234,53.6407356262207,1875000
2021-03-26,57.16999816894531,57.93000030517578,56.81999969482422,57.90999984741211,54.61207962036133,1921800
2021-03-29,57.529998779296875,57.97999954223633,57.02000045776367,57.09000015258789,53.83877182006836,1798300
2021-03-30,57.16999816894531,58.34000015258789,57.16999816894531,57.900001525878906,54.6026496887207,2040700
2021-03-31,57.79999923706055,57.95000076293945,56.959999084472656,57.0,53.75389862060547,3201100
2021-04-01,57.130001068115234,57.900001525878906,57.060001373291016,57.650001525878906,54.36688995361328,2759400
2021-04-05,57.959999084472656,58.310001373291016,57.369998931884766,57.52000045776367,54.244285583496094,1922700
2021-04-06,57.63999938964844,58.29999923706055,57.31999969482422,58.040000915527344,54.73468017578125,2013200
2021-04-07,58.119998931884766,58.439998626708984,57.65999984741211,57.84000015258789,54.54606246948242,1719800
2021-04-08,57.66999816894531,58.15999984741211,57.61000061035156,58.13999938964844,54.828975677490234,1759700
2021-04-09,58.47999954223633,58.599998474121094,57.83000183105469,58.540000915527344,55.206199645996094,2420100
2021-04-12,58.79999923706055,58.939998626708984,58.290000915527344,58.59000015258789,55.25334930419922,1750900
2021-04-13,58.279998779296875,58.380001068115234,57.650001525878906,57.900001525878906,54.6026496887207,2077200
2021-04-14,58.0,58.75,57.790000915527344,58.54999923706055,55.21562957763672,2022100
2021-04-15,58.9900016784668,59.02000045776367,58.09000015258789,58.66999816894531,55.32879638671875,1733900
2021-04-16,59.13999938964844,59.58000183105469,58.63999938964844,59.45000076293945,56.06437683105469,1819200
2021-04-19,59.63999938964844,59.7400016784668,58.86000061035156,59.290000915527344,55.913482666015625,2089100
2021-04-20,59.290000915527344,59.47999954223633,58.279998779296875,58.709999084472656,55.366512298583984,1473400
2021-04-21,59.08000183105469,59.939998626708984,58.75,59.83000183105469,56.42273712158203,1941200
2021-04-22,59.459999084472656,59.66999816894531,58.7400016784668,58.869998931884766,55.51740264892578,2134900
2021-04-23,59.060001373291016,59.650001525878906,58.630001068115234,59.40999984741211,56.02665710449219,2148000
2021-04-26,59.630001068115234,60.709999084472656,59.47999954223633,59.97999954223633,56.56418991088867,3840700
2021-04-27,59.83000183105469,62.5099983215332,59.5,61.81999969482422,58.29940414428711,4741200
2021-04-28,62.29999923706055,63.310001373291016,61.900001525878906,63.099998474121094,59.50651168823242,3660700
2021-04-29,63.720001220703125,63.900001525878906,62.83000183105469,63.560001373291016,59.940311431884766,4124600
2021-04-30,63.43000030517578,63.43000030517578,62.689998626708984,63.130001068115234,59.5348014831543,3332000
2021-05-03,63.86000061035156,64.91000366210938,63.709999084472656,64.62999725341797,60.94937515258789,3359700
2021-05-04,64.5999984741211,65.41999816894531,64.48999786376953,65.0999984741211,61.39261245727539,3015400
2021-05-05,65.30000305175781,66.27999877929688,64.83999633789062,66.19999694824219,62.429962158203125,3453100
2021-05-06,66.5999984741211,66.86000061035156,65.66000366210938,66.69000244140625,62.89207458496094,3417700
2021-05-07,66.62999725341797,67.33999633789062,66.12999725341797,67.0199966430664,63.20326614379883,2852100
2021-05-10,67.26000213623047,68.68000030517578,67.26000213623047,67.62999725341797,63.77852249145508,4003800
2021-05-11,67.41000366210938,67.7300033569336,66.05000305175781,66.88999938964844,63.08066177368164,2382900
2021-05-12,66.76000213623047,67.2300033569336,66.25,66.5,62.71288299560547,2160300
2021-05-13,66.4800033569336,67.41000366210938,66.27999877929688,67.13999938964844,63.316436767578125,2709600
2021-05-14,67.55999755859375,67.88999938964844,67.29000091552734,67.66000366210938,63.80682373046875,1746100
2021-05-17,67.68000030517578,67.87000274658203,67.12000274658203,67.63999938964844,63.7879638671875,1914800
2021-05-18,67.3499984741211,68.04000091552734,67.0,67.02999877929688,63.56037902832031,1973000
2021-05-19,66.48999786376953,66.62000274658203,65.06999969482422,66.43000030517578,62.99143981933594,2290000
2021-05-20,66.43000030517578,66.58999633789062,66.01000213623047,66.13999938964844,62.71644973754883,2864500
2021-05-21,66.44000244140625,67.44000244140625,66.30999755859375,66.9800033569336,63.512977600097656,3776400
2021-05-24,67.05000305175781,67.19999694824219,66.58000183105469,66.62000274658203,63.171607971191406,2349100
2021-05-25,66.91000366210938,67.02999877929688,66.5199966430664,66.58999633789062,63.143157958984375,1935900
2021-05-26,66.33000183105469,66.61000061035156,65.56999969482422,66.48999786376953,63.0483283996582,3184100
2021-05-27,66.95999908447266,67.55999755859375,66.47000122070312,66.5999984741211,63.15262985229492,4793500
2021-05-28,66.91000366210938,66.91000366210938,66.43000030517578,66.52999877929688,63.086265563964844,1944200
2021-06-01,67.1500015258789,68.22000122070312,67.02999877929688,67.91999816894531,64.40432739257812,3118100
2021-06-02,68.22000122070312,68.2300033569336,67.41999816894531,67.91999816894531,64.40432739257812,2218000
2021-06-03,67.9000015258789,68.30999755859375,67.16999816894531,68.25,64.71723175048828,2163000
2021-06-04,68.47000122070312,68.9800033569336,68.3499984741211,68.7699966430664,65.21031188964844,1696500
2021-06-07,68.9000015258789,69.30000305175781,68.45999908447266,68.66000366210938,65.10601806640625,1698400
2021-06-08,68.4800033569336,68.91999816894531,68.0999984741211,68.7300033569336,65.1723861694336,1957800
2021-06-09,68.44000244140625,68.61000061035156,67.9800033569336,68.11000061035156,64.58448791503906,1343800
2021-06-10,68.36000061035156,68.4800033569336,67.0999984741211,67.2300033569336,63.75003433227539,2167900
2021-06-11,67.19000244140625,67.36000061035156,65.56999969482422,66.0,62.58369827270508,3061200
2021-06-14,65.83000183105469,65.9000015258789,64.83000183105469,65.22000122070312,61.844085693359375,1853000
2021-06-15,65.22000122070312,65.4000015258789,64.27999877929688,64.63999938964844,61.294090270996094,3015700
2021-06-16,64.55000305175781,64.58999633789062,63.81999969482422,63.9900016784668,60.67774200439453,2558200
2021-06-17,63.810001373291016,63.84000015258789,60.95000076293945,61.93000030517578,58.72437286376953,4029100
2021-06-18,61.369998931884766,61.43000030517578,60.52000045776367,60.65999984741211,57.520111083984375,5417200
2021-06-21,61.02000045776367,62.0099983215332,61.02000045776367,61.84000015258789,58.639034271240234,2560300
2021-06-22,62.04999923706055,62.130001068115234,61.369998931884766,61.63999938964844,58.44939041137695,2243300
2021-06-23,61.68000030517578,61.75,61.22999954223633,61.2599983215332,58.089054107666016,2133400
2021-06-24,61.5,62.0,61.25,61.689998626708984,58.496795654296875,1520200
2021-06-25,61.79999923706055,61.900001525878906,60.75,61.459999084472656,58.27870559692383,2501300
2021-06-28,61.52000045776367,61.70000076293945,60.72999954223633,60.790000915527344,57.64338302612305,2442000
2021-06-29,61.06999969482422,61.560001373291016,60.38999938964844,60.599998474121094,57.463218688964844,2257600
2021-06-30,60.5,60.79999923706055,60.18000030517578,60.599998474121094,57.463218688964844,2569500
2021-07-01,61.0,61.27000045776367,60.650001525878906,60.709999084472656,57.567527770996094,2828900
2021-07-02,60.790000915527344,60.900001525878906,60.2400016784668,60.630001068115234,57.491661071777344,1639800
2021-07-06,60.34000015258789,60.45000076293945,59.150001525878906,59.45000076293945,56.372745513916016,2042900
2021-07-07,59.099998474121094,60.0,58.95000076293945,59.900001525878906,56.7994499206543,1994500
2021-07-08,59.220001220703125,59.52000045776367,58.709999084472656,59.130001068115234,56.06930923461914,2083400
2021-07-09,59.900001525878906,60.47999954223633,59.7599983215332,60.31999969482422,57.19770812988281,2385600
2021-07-12,60.5,60.56999969482422,59.7400016784668,60.0,56.89426803588867,2049300
2021-07-13,59.900001525878906,60.20000076293945,59.09000015258789,59.2400016784668,56.173614501953125,1821800
2021-07-14,59.06999969482422,59.709999084472656,58.65999984741211,58.779998779296875,55.737422943115234,1522700
2021-07-15,58.56999969482422,59.13999938964844,58.52000045776367,59.02000045776367,55.96500015258789,1433500
2021-07-16,59.2400016784668,59.369998931884766,58.0099983215332,58.209999084472656,55.196922302246094,1788600
2021-07-19,57.61000061035156,58.0099983215332,56.90999984741211,57.45000076293945,54.47626876831055,2593300
2021-07-20,57.52000045776367,58.70000076293945,57.27000045776367,58.029998779296875,55.0262451171875,2322000
2021-07-21,58.27000045776367,58.77000045776367,57.91999816894531,58.099998474121094,55.09261703491211,3063200
2021-07-22,57.959999084472656,58.0,56.959999084472656,57.40999984741211,54.438331604003906,2263500
2021-07-23,57.56999969482422,58.150001525878906,57.290000915527344,58.0099983215332,55.00727462768555,1897100
2021-07-26,58.220001220703125,58.849998474121094,58.220001220703125,58.439998626708984,55.41501998901367,3221100
2021-07-27,59.04999923706055,59.83000183105469,57.529998779296875,58.849998474121094,55.803794860839844,3993700
2021-07-28,58.70000076293945,59.02000045776367,57.63999938964844,58.63999938964844,55.60466766357422,3210200
2021-07-29,59.29999923706055,59.7400016784668,58.959999084472656,59.599998474121094,56.514976501464844,2023300
2021-07-30,59.77000045776367,60.540000915527344,59.630001068115234,59.720001220703125,56.628761291503906,3612000
2021-08-02,59.93000030517578,60.70000076293945,59.33000183105469,59.36000061035156,56.28740310668945,2152400
2021-08-03,59.380001068115234,59.90999984741211,58.52000045776367,59.790000915527344,56.69514846801758,1481300
2021-08-04,59.56999969482422,59.56999969482422,58.5099983215332,58.75,55.70896911621094,2232700
2021-08-05,59.13999938964844,59.349998474121094,58.72999954223633,58.79999923706055,55.75638961791992,2330900
2021-08-06,59.189998626708984,60.439998626708984,59.189998626708984,60.290000915527344,57.16926193237305,3110000
2021-08-09,60.279998779296875,60.790000915527344,59.869998931884766,60.560001373291016,57.42528533935547,2585400
2021-08-10,60.599998474121094,61.439998626708984,60.5,61.40999984741211,58.231292724609375,2726800
2021-08-11,61.63999938964844,61.88999938964844,61.25,61.5,58.31663131713867,1882700
2021-08-12,61.5,61.91999816894531,61.150001525878906,61.81999969482422,58.62006378173828,1563100
2021-08-13,62.060001373291016,62.43000030517578,61.790000915527344,62.400001525878906,59.1700439453125,2472400
2021-08-16,62.220001220703125,62.779998779296875,61.91999816894531,62.68000030517578,59.435546875,2759600
2021-08-17,62.11000061035156,62.56999969482422,61.209999084472656,61.470001220703125,58.634300231933594,1962100
2021-08-18,61.119998931884766,61.70000076293945,60.869998931884766,60.900001525878906,58.090599060058594,1604600
2021-08-19,60.459999084472656,60.72999954223633,59.11000061035156,59.31999969482422,56.5834846496582,2244600
2021-08-20,59.18000030517578,59.369998931884766,58.5,58.939998626708984,56.221012115478516,4539600
2021-08-23,59.16999816894531,59.7599983215332,58.68000030517578,59.310001373291016,56.57394790649414,2008600
2021-08-24,59.31999969482422,59.959999084472656,59.08000183105469,59.61000061035156,56.860107421875,1972800
2021-08-25,59.599998474121094,60.47999954223633,59.34000015258789,60.29999923706055,57.518272399902344,1381400
2021-08-26,60.27000045776367,60.279998779296875,59.560001373291016,59.7400016784668,56.984107971191406,1717300
2021-08-27,59.7400016784668,60.63999938964844,59.65999984741211,60.56999969482422,57.77581787109375,1443300
2021-08-30,60.540000915527344,60.650001525878906,60.04999923706055,60.06999969482422,57.29888916015625,1266900
2021-08-31,60.16999816894531,60.20000076293945,59.65999984741211,60.0,57.232112884521484,2889000
2021-09-01,60.209999084472656,60.209999084472656,58.959999084472656,59.65999984741211,56.90780258178711,1544100
2021-09-02,59.689998626708984,60.4900016784668,59.65999984741211,60.22999954223633,57.45150375366211,2027800
2021-09-03,60.22999954223633,60.349998474121094,59.689998626708984,60.20000076293945,57.42288589477539,1160600
2021-09-07,59.959999084472656,60.220001220703125,59.209999084472656,59.349998474121094,56.61209487915039,2386100
2021-09-08,59.189998626708984,59.970001220703125,58.439998626708984,59.869998931884766,57.10811233520508,2621100
2021-09-09,59.650001525878906,60.599998474121094,59.560001373291016,59.65999984741211,56.90780258178711,2103200
2021-09-10,59.849998474121094,60.33000183105469,59.599998474121094,59.88999938964844,57.1271858215332,2041500
2021-09-13,60.45000076293945,61.279998779296875,60.380001068115234,61.150001525878906,58.329063415527344,3271000
2021-09-14,61.40999984741211,61.65999984741211,60.33000183105469,60.380001068115234,57.594581604003906,2354700
2021-09-15,60.5099983215332,62.599998474121094,60.2599983215332,62.52000045776367,59.6358642578125,3194100
2021-09-16,62.5,63.2599983215332,62.08000183105469,63.0,60.093719482421875,3129400
2021-09-17,62.630001068115234,62.75,62.040000915527344,62.38999938964844,59.51185989379883,6143900
2021-09-20,61.150001525878906,61.63999938964844,59.75,60.52000045776367,57.72813034057617,3836500
2021-09-21,60.77000045776367,60.81999969482422,59.61000061035156,60.02000045776367,57.251190185546875,2601800
2021-09-22,60.63999938964844,60.86000061035156,58.599998474121094,58.9900016784668,56.26871109008789,4012300
2021-09-23,59.279998779296875,60.63999938964844,59.08000183105469,60.279998779296875,57.49919891357422,1797800
2021-09-24,59.9900016784668,60.56999969482422,59.70000076293945,59.7599983215332,57.0031852722168,2374300
2021-09-27,60.189998626708984,61.150001525878906,60.040000915527344,60.7599983215332,57.95705795288086,2542900
2021-09-28,60.970001220703125,61.61000061035156,60.5099983215332,60.56999969482422,57.77581787109375,2756900
2021-09-29,60.66999816894531,61.060001373291016,60.529998779296875,60.779998779296875,57.976131439208984,1962900
2021-09-30,61.02000045776367,61.119998931884766,59.9900016784668,60.0099983215332,57.24164962768555,2835200
2021-10-01,60.27000045776367,61.08000183105469,59.41999816894531,60.79999923706055,57.99521255493164,2240900
2021-10-04,60.93000030517578,62.0099983215332,60.869998931884766,61.15999984741211,58.33859634399414,2383500
2021-10-05,61.349998474121094,62.5099983215332,60.83000183105469,62.279998779296875,59.40693664550781,2128000
2021-10-06,61.9900016784668,62.34000015258789,60.88999938964844,62.29999923706055,59.4260139465332,1827800
2021-10-07,62.79999923706055,63.540000915527344,62.36000061035156,63.02000045776367,60.112796783447266,1925200
2021-10-08,63.310001373291016,63.779998779296875,62.81999969482422,63.290000915527344,60.370338439941406,2103500
2021-10-11,63.54999923706055,64.44999694824219,63.25,63.970001220703125,61.01897430419922,1955300
2021-10-12,63.29999923706055,63.68000030517578,62.9900016784668,63.38999938964844,60.46572494506836,2080100
2021-10-13,63.5,63.59000015258789,62.209999084472656,62.91999816894531,60.01741027832031,2172800
2021-10-14,63.45000076293945,64.20999908447266,62.650001525878906,64.16999816894531,61.20975112915039,1971600
2021-10-15,64.5,64.5199966430664,63.75,63.95000076293945,60.99989318847656,2149600
2021-10-18,63.810001373291016,64.55999755859375,63.11000061035156,63.79999923706055,60.856815338134766,1686100
2021-10-19,64.08000183105469,64.56999969482422,63.439998626708984,64.54000091552734,61.562679290771484,1553200
2021-10-20,64.83999633789062,65.26000213623047,64.30000305175781,64.83999633789062,61.84884262084961,2290000
2021-10-21,64.77999877929688,65.16000366210938,64.36000061035156,64.87000274658203,61.8774528503418,1488600
2021-10-22,64.93000030517578,66.44000244140625,64.93000030517578,66.22000122070312,63.1651725769043,1692200
2021-10-25,66.4000015258789,66.76000213623047,66.04000091552734,66.62999725341797,63.5562629699707,2424000
2021-10-26,66.6500015258789,66.77999877929688,65.22000122070312,65.36000061035156,62.3448486328125,3276000
2021-10-27,65.79000091552734,66.08999633789062,64.41999816894531,64.52999877929688,61.55312728881836,2638000
2021-10-28,64.5999984741211,65.1500015258789,64.08000183105469,64.83999633789062,61.84884262084961,2991900
2021-10-29,64.70999908447266,65.13999938964844,64.19000244140625,64.23999786376953,61.276512145996094,3301700
2021-11-01,64.51000213623047,64.62000274658203,63.45000076293945,63.61000061035156,60.67557907104492,3187300
2021-11-02,63.619998931884766,63.68000030517578,63.13999938964844,63.369998931884766,60.446651458740234,2782100
2021-11-03,63.0,64.91000366210938,62.58000183105469,64.9000015258789,61.906070709228516,4029100
2021-11-04,64.94000244140625,65.19000244140625,64.01000213623047,64.2300033569336,61.2669792175293,2174600
2021-11-05,64.69000244140625,65.08000183105469,63.97999954223633,64.48999786376953,61.514984130859375,2371500
2021-11-08,64.75,65.12000274658203,63.630001068115234,63.79999923706055,60.856815338134766,2563200
2021-11-09,63.84000015258789,64.47000122070312,63.45000076293945,64.43000030517578,61.457759857177734,1839200
2021-11-10,64.69000244140625,65.4800033569336,64.31999969482422,65.38999938964844,62.37345886230469,2792900
2021-11-11,65.48999786376953,66.30999755859375,65.33999633789062,66.13999938964844,63.088871002197266,1797800
2021-11-12,66.26000213623047,66.3499984741211,65.19999694824219,65.93000030517578,62.88855743408203,1510300
2021-11-15,66.43000030517578,66.9800033569336,65.87999725341797,66.94999694824219,63.86151123046875,2027600
2021-11-16,66.7300033569336,66.83000183105469,65.98999786376953,66.4000015258789,63.6888542175293,1983300
2021-11-17,66.18000030517578,66.25,65.55000305175781,65.66000366210938,62.97907257080078,1937400
2021-11-18,65.73999786376953,66.94000244140625,65.4000015258789,66.58999633789062,63.871097564697266,2630200
2021-11-19,66.5999984741211,66.80000305175781,65.0199966430664,65.33999633789062,62.67213439941406,4874300
2021-11-22,65.37000274658203,66.88999938964844,65.26000213623047,66.41999816894531,63.70803451538086,2553200
2021-11-23,66.47000122070312,66.9800033569336,65.9000015258789,66.75,64.02456665039062,2475900
2021-11-24,66.75,66.8499984741211,66.04000091552734,66.31999969482422,63.61211395263672,3321900
2021-11-26,64.93000030517578,64.94000244140625,63.880001068115234,64.4000015258789,61.77052307128906,2181800
2021-11-29,65.06999969482422,65.36000061035156,64.30999755859375,64.80999755859375,62.163780212402344,2149900
2021-11-30,63.810001373291016,64.01000213623047,62.20000076293945,62.209999084472656,59.66992950439453,4786100
2021-12-01,63.29999923706055,64.04000091552734,61.79999923706055,61.81999969482422,59.29585266113281,2172200
2021-12-02,62.04999923706055,62.970001220703125,61.86000061035156,62.400001525878906,59.852176666259766,2090700
2021-12-03,62.72999954223633,63.529998779296875,62.060001373291016,62.529998779296875,59.97686767578125,2294700
2021-12-06,63.15999984741211,63.77000045776367,62.7400016784668,63.11000061035156,60.53318786621094,2565700
2021-12-07,63.33000183105469,64.30000305175781,63.18000030517578,64.16000366210938,61.540313720703125,1685700
2021-12-08,64.16999816894531,64.62000274658203,63.95000076293945,64.12999725341797,61.511531829833984,1983100
2021-12-09,63.79999923706055,63.83000183105469,63.040000915527344,63.279998779296875,60.69624710083008,2230900
2021-12-10,63.84000015258789,64.08000183105469,63.27000045776367,63.45000076293945,60.85930633544922,2663300
2021-12-13,63.709999084472656,64.94000244140625,63.599998474121094,64.63999938964844,62.000709533691406,2888500
2021-12-14,64.66000366210938,65.70999908447266,64.5,64.8499984741211,62.20214080810547,2269600
2021-12-15,64.83999633789062,65.22000122070312,64.02999877929688,65.08000183105469,62.42274856567383,1898200
2021-12-16,65.3499984741211,66.8499984741211,65.26000213623047,66.16999816894531,63.468238830566406,2462400
2021-12-17,65.87999725341797,66.2699966430664,65.0999984741211,65.2699966430664,62.60498809814453,4944500
2021-12-20,64.70999908447266,64.70999908447266,63.040000915527344,64.22000122070312,61.597862243652344,2267800
2021-12-21,64.56999969482422,65.44000244140625,64.56999969482422,64.83000183105469,62.18296432495117,1958700
2021-12-22,64.8499984741211,65.22000122070312,64.4000015258789,64.62000274658203,61.98152542114258,1966300
2021-12-23,64.80000305175781,65.72000122070312,64.7300033569336,65.44000244140625,62.76805114746094,2921100
2021-12-27,65.54000091552734,66.08999633789062,65.25,66.06999969482422,63.3723258972168,1175900
2021-12-28,66.0,66.9800033569336,66.0,66.93000030517578,64.19721221923828,1049900
2021-12-29,67.05000305175781,67.45999908447266,66.87000274658203,67.01000213623047,64.27394104003906,1038500
2021-12-30,67.19999694824219,67.41000366210938,66.83000183105469,66.86000061035156,64.13007354736328,906900
2021-12-31,66.69999694824219,67.76000213623047,66.5999984741211,67.58999633789062,64.83026885986328,1330500
2022-01-03,67.5999984741211,68.16000366210938,67.37000274658203,67.88999938964844,65.11801147460938,2134200
2022-01-04,68.55999755859375,69.69000244140625,68.37999725341797,69.1500015258789,66.3265609741211,2898800
2022-01-05,69.20999908447266,69.66999816894531,68.56999969482422,68.61000061035156,65.8086166381836,2665400
2022-01-06,69.04000091552734,69.66999816894531,68.80999755859375,69.22000122070312,66.39371490478516,1920000
2022-01-07,69.33999633789062,69.86000061035156,68.94999694824219,69.80999755859375,66.9596176147461,2029200
2022-01-10,69.81999969482422,70.5,69.19000244140625,69.93000030517578,67.07472229003906,2583700
2022-01-11,70.19999694824219,70.56999969482422,69.56999969482422,70.4800033569336,67.60226440429688,2483000
2022-01-12,70.55000305175781,70.94999694824219,69.80999755859375,70.41999816894531,67.54471588134766,2224000
2022-01-13,70.6500015258789,71.2300033569336,70.58000183105469,70.9000015258789,68.00511169433594,1930600
2022-01-14,70.83999633789062,71.66999816894531,70.41999816894531,71.55000305175781,68.62857818603516,1757300
2022-01-18,70.95999908447266,71.5199966430664,70.47000122070312,71.2699966430664,68.3600082397461,2094000
2022-01-19,71.55999755859375,72.12000274658203,71.0,71.0,68.10102844238281,2638500
2022-01-20,71.08999633789062,71.41000366210938,68.80999755859375,68.88999938964844,66.07718658447266,3803700
2022-01-21,69.2300033569336,69.66000366210938,68.33000183105469,68.94000244140625,66.12515258789062,5093300
2022-01-24,68.4000015258789,68.81999969482422,66.69999694824219,68.58999633789062,65.7894287109375,4235400
2022-01-25,67.5,68.94999694824219,65.63999938964844,68.37000274658203,65.57842254638672,4188200
2022-01-26,69.98999786376953,72.5199966430664,69.62999725341797,72.2699966430664,69.31917572021484,6153400
2022-01-27,72.83999633789062,75.2300033569336,72.75,74.19999694824219,71.17037200927734,8203000
2022-01-28,74.16000366210938,75.95999908447266,74.0,75.91999816894531,72.82014465332031,5871300
2022-01-31,75.33000183105469,75.56999969482422,73.5999984741211,75.0,71.93769836425781,5621300
2022-02-01,75.19999694824219,75.75,74.73999786376953,75.52999877929688,72.44606018066406,2791000
2022-02-02,75.47000122070312,76.83999633789062,75.19999694824219,76.69000244140625,73.55870819091797,2841200
2022-02-03,76.01000213623047,76.45999908447266,75.1500015258789,75.66999816894531,72.58035278320312,2116200
2022-02-04,75.95999908447266,76.29000091552734,74.61000061035156,75.70999908447266,72.61872100830078,2435500
2022-02-07,75.91000366210938,76.29000091552734,75.2699966430664,75.9800033569336,73.2647705078125,2111600
2022-02-08,76.30000305175781,77.0999984741211,75.9800033569336,76.69000244140625,73.94940185546875,2416200
2022-02-09,77.19999694824219,77.81999969482422,77.0199966430664,77.27999877929688,74.51832580566406,3827700
2022-02-10,77.2300033569336,78.02999877929688,76.08999633789062,76.44000244140625,73.70833587646484,2423600
2022-02-11,76.41999816894531,77.4000015258789,75.83999633789062,76.47000122070312,73.73726654052734,2563600
2022-02-14,76.41000366210938,76.75,74.77999877929688,76.12000274658203,73.39977264404297,2637300
2022-02-15,76.1500015258789,77.19000244140625,76.02999877929688,76.80000305175781,74.05547332763672,2007100
2022-02-16,76.7300033569336,77.70999908447266,76.44999694824219,76.9000015258789,74.15190887451172,2292300
2022-02-17,76.06999969482422,76.87000274658203,75.6500015258789,76.6500015258789,73.91084289550781,1859000
2022-02-18,76.5,77.19000244140625,76.0,76.38999938964844,73.66012573242188,4011100
2022-02-22,76.51000213623047,77.27999877929688,76.08000183105469,76.70999908447266,73.96868133544922,3039800
2022-02-23,77.36000061035156,77.37000274658203,75.11000061035156,75.23999786376953,72.55122375488281,2054700
2022-02-24,74.13999938964844,75.9800033569336,73.3499984741211,75.8499984741211,73.13941955566406,3623300
2022-02-25,76.47000122070312,79.05999755859375,76.38999938964844,78.9000015258789,76.08043670654297,3479100
2022-02-28,77.58999633789062,78.79000091552734,77.44000244140625,78.44999694824219,75.6465072631836,4347400
2022-03-01,78.62999725341797,79.25,77.5199966430664,77.98999786376953,75.20294952392578,3285100
2022-03-02,78.66999816894531,80.58999633789062,78.62000274658203,80.27999877929688,77.41111755371094,2863700
2022-03-03,81.62999725341797,82.4000015258789,80.55999755859375,81.93000030517578,79.00214385986328,5261800
2022-03-04,81.5199966430664,83.11000061035156,80.8499984741211,82.80000305175781,79.841064453125,5050600
2022-03-07,84.9000015258789,87.98999786376953,83.05999755859375,83.97000122070312,80.96924591064453,8597900
2022-03-08,84.0999984741211,86.4000015258789,83.08999633789062,83.12999725341797,80.15924835205078,5457600
2022-03-09,83.29000091552734,83.5999984741211,80.44000244140625,81.77999877929688,78.85750579833984,5769900
2022-03-10,81.69000244140625,84.44999694824219,81.08999633789062,84.30999755859375,81.2970962524414,3395900
2022-03-11,84.87999725341797,85.29000091552734,83.55999755859375,83.5999984741211,80.61246490478516,3017200
2022-03-14,84.0,84.1500015258789,81.11000061035156,82.56999969482422,79.6192855834961,3647200
2022-03-15,82.52999877929688,83.3499984741211,81.37999725341797,82.80999755859375,79.85070037841797,3693000
2022-03-16,82.9000015258789,82.9000015258789,80.0199966430664,81.44999694824219,78.53929138183594,4989000
2022-03-17,81.76000213623047,83.80999755859375,81.76000213623047,83.77999877929688,80.78602600097656,3530800
2022-03-18,83.70999908447266,84.04000091552734,82.22000122070312,83.9800033569336,80.9788818359375,9221900
2022-03-21,85.33000183105469,87.5,85.26000213623047,87.16000366210938,84.04524230957031,4747800
2022-03-22,87.5,87.80999755859375,86.58000183105469,87.55999755859375,84.43094635009766,3166300
2022-03-23,88.0,89.52999877929688,87.41000366210938,89.08999633789062,85.9062728881836,7256600
2022-03-24,89.5,91.0999984741211,89.23999786376953,90.43000030517578,87.1983871459961,5208300
2022-03-25,90.38999938964844,93.5,90.36000061035156,93.48999786376953,90.14904022216797,4799700
2022-03-28,92.9800033569336,93.0999984741211,91.56999969482422,92.3499984741211,89.04976654052734,3924000
2022-03-29,90.0,90.30000305175781,85.66000366210938,87.83999633789062,84.70093536376953,9529000
2022-03-30,88.33000183105469,89.80000305175781,88.33000183105469,89.30000305175781,86.10877990722656,3247900
2022-03-31,88.88999938964844,90.79000091552734,88.62000274658203,90.26000213623047,87.03446960449219,3966000
2022-04-01,90.66000366210938,91.48999786376953,90.25,91.16999816894531,87.91194152832031,2762000
2022-04-04,91.45999908447266,91.54000091552734,89.44999694824219,90.43000030517578,87.1983871459961,2826700
2022-04-05,90.19999694824219,91.45999908447266,90.06999969482422,90.9000015258789,87.65159606933594,3187400
2022-04-06,91.31999969482422,93.4000015258789,91.16999816894531,92.83000183105469,89.51262664794922,4388700
2022-04-07,92.83000183105469,94.44999694824219,92.18000030517578,93.9800033569336,90.62151336669922,2818400
2022-04-08,95.06999969482422,96.02999877929688,94.16000366210938,95.25,91.84614562988281,4721300
2022-04-11,96.91000366210938,96.98999786376953,94.51000213623047,94.56999969482422,91.19044494628906,3784600
2022-04-12,95.0199966430664,96.30000305175781,94.2699966430664,95.06999969482422,91.6725845336914,4400600
2022-04-13,95.27999877929688,96.1500015258789,93.91000366210938,95.55000305175781,92.13542175292969,2781600
2022-04-14,95.94000244140625,97.63999938964844,95.7300033569336,96.91000366210938,93.44682312011719,2459800
2022-04-18,95.76000213623047,97.69999694824219,95.30999755859375,96.45999908447266,93.01290130615234,3077900
2022-04-19,95.55000305175781,96.05000305175781,94.01000213623047,95.93000030517578,92.5018310546875,3848700
2022-04-20,96.05999755859375,98.44000244140625,95.6500015258789,98.22000122070312,94.70999908447266,3258600
2022-04-21,98.70999908447266,98.87999725341797,95.79000091552734,96.05000305175781,92.6175537109375,3600300
2022-04-22,95.95999908447266,96.12000274658203,92.0199966430664,92.18000030517578,88.88584899902344,4111600
2022-04-25,91.5,91.75,88.76000213623047,90.95999908447266,87.70945739746094,5029800
2022-04-26,94.61000061035156,95.97000122070312,89.95999908447266,90.63999938964844,87.40088653564453,7081100
2022-04-27,92.80999755859375,95.55000305175781,89.62000274658203,93.91999816894531,90.56367492675781,7217600
2022-04-28,94.66999816894531,94.7300033569336,91.16000366210938,92.51000213623047,89.20407104492188,5018200
2022-04-29,91.9800033569336,92.7300033569336,89.38999938964844,89.55999755859375,86.35948181152344,6341700
2022-05-02,90.20999908447266,90.44999694824219,88.0,89.30999755859375,86.11841583251953,3578500
2022-05-03,89.29000091552734,90.87999725341797,88.83999633789062,89.76000213623047,86.5523452758789,3859500
2022-05-04,90.23999786376953,91.30000305175781,88.91999816894531,91.1500015258789,87.89266204833984,3413600
2022-05-05,91.1500015258789,91.70999908447266,88.30999755859375,89.41000366210938,86.21484375,2934800
2022-05-06,88.91000366210938,90.13999938964844,88.37000274658203,89.7300033569336,86.5234146118164,2597500
2022-05-09,88.5199966430664,88.55000305175781,83.98999786376953,84.36000061035156,81.3453140258789,4329000
2022-05-10,85.30999755859375,88.08999633789062,84.08999633789062,84.97000122070312,81.93350982666016,4026600
2022-05-11,85.12999725341797,86.51000213623047,84.11000061035156,84.36000061035156,81.3453140258789,3592300
2022-05-12,84.19999694824219,84.56999969482422,82.55999755859375,84.44000244140625,81.4224624633789,3508300
2022-05-13,85.37999725341797,85.98999786376953,84.41999816894531,85.38999938964844,82.33849334716797,2895600
2022-05-16,85.83999633789062,87.48999786376953,85.83999633789062,87.18000030517578,84.06452941894531,3816900
2022-05-17,87.62999725341797,89.06999969482422,86.3499984741211,88.62999725341797,85.85662841796875,5854600
2022-05-18,88.19999694824219,88.45999908447266,84.18000030517578,84.54000091552734,81.89462280273438,4800000
2022-05-19,83.37000274658203,84.72000122070312,81.44999694824219,83.86000061035156,81.23590850830078,4326800
2022-05-20,84.55999755859375,85.36000061035156,82.29000091552734,84.0,81.37152099609375,4850200
2022-05-23,84.98999786376953,87.29000091552734,84.94000244140625,86.56999969482422,83.8611068725586,3171600
2022-05-24,86.4000015258789,87.91000366210938,85.70999908447266,87.76000213623047,85.01387023925781,2657400
2022-05-25,87.62999725341797,89.38999938964844,87.54000091552734,88.7699966430664,85.99224853515625,2732200
2022-05-26,89.4000015258789,89.5,87.63999938964844,88.30999755859375,85.5466537475586,3482600
2022-05-27,88.12000274658203,88.94999694824219,86.76000213623047,88.93000030517578,86.14725494384766,2790800
2022-05-31,89.41000366210938,91.80999755859375,89.08999633789062,90.81999969482422,87.97810363769531,8762200
2022-06-01,90.88999938964844,91.20999908447266,85.70999908447266,86.66999816894531,83.95797729492188,4459100
2022-06-02,86.66000366210938,89.27999877929688,86.36000061035156,89.27999877929688,86.4863052368164,2989200
2022-06-03,89.0,89.33000183105469,87.4800033569336,87.91000366210938,85.15917205810547,2381100
2022-06-06,88.41000366210938,88.91999816894531,87.6500015258789,88.41000366210938,85.64352416992188,1976000
2022-06-07,87.63999938964844,89.70999908447266,87.16999816894531,89.5199966430664,86.71878814697266,2037100
2022-06-08,89.0,89.54000091552734,88.2300033569336,88.61000061035156,85.83726501464844,1694000
2022-06-09,88.23999786376953,88.61000061035156,85.86000061035156,85.9800033569336,83.2895736694336,2042500
2022-06-10,85.0,86.2300033569336,84.08999633789062,84.68000030517578,82.03023529052734,2706400
2022-06-13,82.87000274658203,83.58000183105469,81.56999969482422,82.01000213623047,79.44378662109375,3099900
2022-06-14,82.41000366210938,82.91999816894531,81.55000305175781,82.66999816894531,80.08313751220703,2525800
2022-06-15,83.19999694824219,83.44000244140625,81.47000122070312,82.27999877929688,79.7053451538086,3131600
2022-06-16,81.0,81.0,78.5,79.02999877929688,76.55704498291016,3485500
2022-06-17,79.37999725341797,79.97000122070312,76.80000305175781,77.30999755859375,74.89085388183594,9168100
2022-06-21,79.47000122070312,79.58000183105469,78.31999969482422,79.4000015258789,76.91546630859375,3138700
2022-06-22,78.0199966430664,78.5999984741211,77.3499984741211,77.43000030517578,75.00711059570312,2843500
2022-06-23,77.48999786376953,77.48999786376953,71.5999984741211,71.75,69.50484466552734,6445200
2022-06-24,71.9000015258789,74.72000122070312,71.55000305175781,74.5199966430664,72.18816375732422,12491700
2022-06-27,75.05000305175781,76.56999969482422,74.5999984741211,76.04000091552734,73.66059875488281,3615500
2022-06-28,76.55999755859375,78.29000091552734,75.66000366210938,75.98999786376953,73.6121597290039,2727200
2022-06-29,76.6500015258789,77.56999969482422,76.33000183105469,77.23999786376953,74.82305145263672,3522500
2022-06-30,76.30000305175781,78.08000183105469,75.88999938964844,77.5999984741211,75.17178344726562,3971500
2022-07-01,77.51000213623047,77.76000213623047,74.87999725341797,76.41000366210938,74.0190200805664,2603600
2022-07-05,74.61000061035156,74.97000122070312,71.16000366210938,72.37999725341797,70.11512756347656,4154000
2022-07-06,72.54000091552734,73.12999725341797,70.7699966430664,72.22000122070312,69.96013641357422,2842600
2022-07-07,73.62000274658203,75.7300033569336,73.51000213623047,74.4000015258789,72.07191467285156,2993200
2022-07-08,74.80999755859375,75.30000305175781,73.2300033569336,73.33999633789062,71.04508972167969,2568300
2022-07-11,72.94999694824219,73.68000030517578,72.5199966430664,72.62999725341797,70.3572998046875,1896100
2022-07-12,71.91000366210938,73.9800033569336,71.55000305175781,72.8499984741211,70.57041931152344,2016500
2022-07-13,72.47000122070312,73.30000305175781,72.0,72.69000244140625,70.4154281616211,2093000
2022-07-14,71.16000366210938,71.91999816894531,70.0199966430664,71.69999694824219,69.4563980102539,3104000
2022-07-15,72.3499984741211,72.58000183105469,71.1500015258789,72.0,69.74701690673828,2048500
2022-07-18,72.70999908447266,73.8499984741211,72.3499984741211,72.55000305175781,70.2798080444336,2211700
2022-07-19,72.94999694824219,74.02999877929688,72.6500015258789,73.83000183105469,71.51976013183594,1862800
2022-07-20,73.25,74.75,72.83999633789062,74.56999969482422,72.2365951538086,1988100
2022-07-21,74.01000213623047,74.33999633789062,73.37999725341797,74.0199966430664,71.70380401611328,1548200
2022-07-22,74.0,74.69999694824219,73.4000015258789,73.83999633789062,71.52943420410156,1480700
2022-07-25,74.80000305175781,76.43000030517578,74.37000274658203,75.62000274658203,73.25374603271484,2709800
2022-07-26,78.27999877929688,80.0,76.6500015258789,78.91999816894531,76.45048522949219,5602400
2022-07-27,78.25,80.86000061035156,77.62999725341797,80.44999694824219,77.93260955810547,4388900
2022-07-28,79.93000030517578,81.06999969482422,78.98999786376953,79.3499984741211,76.86701965332031,3022200
2022-07-29,79.83000183105469,82.83999633789062,79.80999755859375,82.7699966430664,80.18000793457031,4656000
2022-08-01,82.88999938964844,84.81999969482422,82.76000213623047,84.26000213623047,81.62338256835938,3843400
2022-08-02,84.06999969482422,84.43000030517578,82.6500015258789,82.79000091552734,80.19939422607422,3187700
2022-08-03,82.44000244140625,82.8499984741211,81.45999908447266,82.25,79.67628479003906,2538300
2022-08-04,81.83000183105469,82.58000183105469,81.37999725341797,82.0199966430664,79.4534683227539,2413200
2022-08-05,81.87000274658203,83.80000305175781,81.4800033569336,82.76000213623047,80.17032623291016,2178400
2022-08-08,82.9000015258789,83.33999633789062,82.25,82.48999786376953,79.90877532958984,2522000
2022-08-09,82.9000015258789,84.0,82.5199966430664,82.86000061035156,80.2671890258789,1751600
2022-08-10,83.45999908447266,84.30000305175781,83.19999694824219,83.5999984741211,80.98402404785156,2005400
2022-08-11,84.1500015258789,85.05999755859375,83.80999755859375,84.13999938964844,81.50714111328125,1731600
2022-08-12,84.61000061035156,86.66999816894531,84.51000213623047,86.5999984741211,83.8901596069336,2339300
2022-08-15,85.23999786376953,86.29000091552734,84.12000274658203,86.12999725341797,83.43486785888672,1765900
2022-08-16,85.70999908447266,86.76000213623047,85.5,86.58000183105469,84.26212310791016,1758500
2022-08-17,86.11000061035156,86.81999969482422,85.58999633789062,86.3499984741211,84.03827667236328,1232400
2022-08-18,86.58000183105469,87.80999755859375,86.52999877929688,87.62000274658203,85.27427673339844,1485600
2022-08-19,87.5,87.87999725341797,86.63999938964844,87.2300033569336,84.89471435546875,1837900
2022-08-22,85.97000122070312,87.06999969482422,85.76000213623047,86.54000091552734,84.22318267822266,1775300
2022-08-23,86.6500015258789,88.30000305175781,86.25,88.05000305175781,85.69275665283203,1747000
2022-08-24,87.87999725341797,89.18000030517578,86.6500015258789,88.63999938964844,86.26697540283203,2107300
2022-08-25,89.29000091552734,90.97000122070312,88.9800033569336,90.91000366210938,88.47618865966797,2445900
2022-08-26,90.91000366210938,90.94000244140625,89.5,89.55999755859375,87.16233825683594,2285800
2022-08-29,88.91999816894531,91.44000244140625,88.72000122070312,90.76000213623047,88.33020782470703,1876500
2022-08-30,90.33999633789062,90.3499984741211,87.26000213623047,87.56999969482422,85.22561645507812,2615300
2022-08-31,87.16000366210938,88.87999725341797,86.55999755859375,87.88999938964844,85.53704071044922,3482100
2022-09-01,87.12000274658203,87.86000061035156,86.72000122070312,87.58000183105469,85.23534393310547,2486400
2022-09-02,88.76000213623047,89.79000091552734,87.30000305175781,87.61000061035156,85.2645492553711,2669000
2022-09-06,87.97000122070312,88.36000061035156,85.52999877929688,85.69999694824219,83.4056625366211,3142800
2022-09-07,85.0,87.44000244140625,84.5999984741211,87.2300033569336,84.89471435546875,2802400
2022-09-08,86.79000091552734,90.31999969482422,86.79000091552734,90.29000091552734,87.87278747558594,3909000
2022-09-09,90.76000213623047,92.26000213623047,90.30999755859375,91.47000122070312,89.02120208740234,3674500
2022-09-12,91.69000244140625,91.94999694824219,86.97000122070312,88.20999908447266,85.84848022460938,4826700
2022-09-13,86.9000015258789,88.69000244140625,85.88999938964844,86.3499984741211,84.03827667236328,2781800
2022-09-14,85.9800033569336,86.8499984741211,85.36000061035156,86.16999816894531,83.86309814453125,2824700
2022-09-15,86.02999877929688,86.45999908447266,85.06999969482422,85.26000213623047,82.97746276855469,2245400
2022-09-16,84.95999908447266,85.4800033569336,84.08000183105469,84.7699966430664,82.50056457519531,5615800
2022-09-19,83.88999938964844,87.33000183105469,83.76000213623047,87.33000183105469,84.99203491210938,2584300
2022-09-20,86.70999908447266,87.01000213623047,85.43000030517578,86.75,84.42755889892578,1916300
2022-09-21,87.9000015258789,88.62000274658203,86.0,86.0,83.69763946533203,2087900
2022-09-22,86.55000305175781,87.01000213623047,85.56999969482422,86.06999969482422,83.7657699584961,2400100
2022-09-23,84.51000213623047,84.51000213623047,80.23999786376953,81.6500015258789,79.46409606933594,3590200
2022-09-26,81.19999694824219,83.23999786376953,80.95999908447266,81.51000213623047,79.32785034179688,3084000
2022-09-27,82.69000244140625,83.29000091552734,80.43000030517578,80.81999969482422,78.65631866455078,3584000
2022-09-28,81.2300033569336,83.38999938964844,80.41999816894531,82.91000366210938,80.69036865234375,2074900
2022-09-29,82.43000030517578,82.61000061035156,80.16000366210938,80.61000061035156,78.45194244384766,1818700
2022-09-30,81.08999633789062,81.8499984741211,80.25,80.44999694824219,78.29622650146484,2436100
2022-10-03,81.36000061035156,83.22000122070312,80.91999816894531,83.02999877929688,80.8071517944336,2619000
2022-10-04,84.18000030517578,85.8499984741211,84.05999755859375,85.69999694824219,83.4056625366211,2378800
2022-10-05,85.0199966430664,87.12000274658203,84.76000213623047,86.2699966430664,83.96041107177734,2244300
2022-10-06,85.62000274658203,87.12000274658203,85.23999786376953,85.75,83.45433807373047,2512200
2022-10-07,84.9800033569336,86.04000091552734,84.33000183105469,85.44000244140625,83.15264129638672,2396100
2022-10-10,86.80999755859375,87.5999984741211,85.87000274658203,86.61000061035156,84.29130554199219,2261700
2022-10-11,85.93000030517578,87.55999755859375,84.69000244140625,86.30000305175781,83.98960876464844,2587000
2022-10-12,86.30000305175781,86.91000366210938,83.80999755859375,86.02999877929688,83.72683715820312,4447100
2022-10-13,84.80999755859375,88.95999908447266,84.5,88.83999633789062,86.46160888671875,2066400
2022-10-14,89.2300033569336,89.2300033569336,83.30000305175781,83.37999725341797,81.14778137207031,2997600
2022-10-17,84.75,86.19000244140625,84.75,85.76000213623047,83.46406555175781,2484200
2022-10-18,86.66000366210938,87.94000244140625,86.33000183105469,87.7699966430664,85.42024993896484,1912500
2022-10-19,87.9800033569336,88.70999908447266,87.41999816894531,88.3499984741211,85.98472595214844,1786700
2022-10-20,89.0,89.70999908447266,88.02999877929688,88.33000183105469,85.96527862548828,3182200
2022-10-21,87.62000274658203,90.05999755859375,87.23999786376953,89.69000244140625,87.28884887695312,2222900
2022-10-24,89.98999786376953,90.45999908447266,89.11000061035156,89.27999877929688,86.88982391357422,2253100
2022-10-25,90.2300033569336,91.66000366210938,88.55999755859375,91.13999938964844,88.70003509521484,4168000
2022-10-26,92.06999969482422,94.12999725341797,91.88999938964844,93.58999633789062,91.08443450927734,3741600
2022-10-27,94.2699966430664,96.12999725341797,93.79000091552734,94.12999725341797,91.6099853515625,3210600
2022-10-28,94.0199966430664,95.45999908447266,93.44000244140625,94.87999725341797,92.33991241455078,1901100
2022-10-31,95.30999755859375,97.83999633789062,95.20999908447266,96.9800033569336,94.3836898803711,4720600
2022-11-01,97.36000061035156,97.9800033569336,96.37000274658203,97.52999877929688,94.91896057128906,2324200
2022-11-02,95.94999694824219,97.88999938964844,94.88999938964844,95.80000305175781,93.23529052734375,2797300
2022-11-03,95.4800033569336,97.2300033569336,94.36000061035156,96.27999877929688,93.70243072509766,1992800
2022-11-04,97.87999725341797,98.27999877929688,94.9800033569336,95.19000244140625,92.64161682128906,2787000
2022-11-07,95.19999694824219,95.66000366210938,94.2699966430664,95.5999984741211,93.04063415527344,2821800
2022-11-08,95.80999755859375,96.79000091552734,95.20999908447266,96.38999938964844,93.80948638916016,2132900
2022-11-09,95.79000091552734,96.19999694824219,92.62000274658203,93.05999755859375,90.5686264038086,2478200
2022-11-10,95.4000015258789,95.9000015258789,93.44000244140625,94.27999877929688,91.75596618652344,2526500
2022-11-11,94.72000122070312,95.22000122070312,91.73999786376953,93.06999969482422,90.57835388183594,2537800
2022-11-14,93.38999938964844,96.08000183105469,93.0999984741211,94.27999877929688,91.75596618652344,2871700
2022-11-15,94.68000030517578,94.8499984741211,92.95999908447266,94.52999877929688,92.39126586914062,2778800
2022-11-16,94.01000213623047,95.69999694824219,93.80000305175781,95.19000244140625,93.03633880615234,2010200
2022-11-17,94.41999816894531,95.12999725341797,93.83999633789062,94.5999984741211,92.45967864990234,1803600
2022-11-18,95.02999877929688,95.61000061035156,94.11000061035156,95.1500015258789,92.99724578857422,1983600
2022-11-21,95.25,97.38999938964844,94.16999816894531,96.11000061035156,93.93551635742188,3572200
2022-11-22,96.80000305175781,97.77999877929688,96.30999755859375,97.66999816894531,95.46021270751953,2354500
2022-11-23,97.38999938964844,98.12000274658203,96.66999816894531,96.77999877929688,94.5903549194336,1657600
2022-11-25,97.2699966430664,97.55000305175781,96.8499984741211,97.4000015258789,95.19633483886719,748800
2022-11-28,96.93000030517578,97.44999694824219,95.97000122070312,96.25,94.07234954833984,2120900
2022-11-29,96.69000244140625,97.80999755859375,96.02999877929688,96.44999694824219,94.26781463623047,1661400
2022-11-30,96.95999908447266,97.8499984741211,95.05000305175781,97.5,95.2940673828125,4193300
2022-12-01,97.69999694824219,97.9000015258789,91.20999908447266,91.31999969482422,89.25389099121094,5141200
2022-12-02,91.01000213623047,92.1500015258789,90.16000366210938,91.70999908447266,89.63507080078125,3558200
2022-12-05,90.72000122070312,92.45999908447266,89.94999694824219,90.7699966430664,88.7163314819336,3663500
2022-12-06,90.66999816894531,92.08999633789062,89.83999633789062,90.8499984741211,88.79451751708984,2664400
2022-12-07,91.22000122070312,93.37000274658203,91.19999694824219,93.16999816894531,91.0620346069336,3130900
2022-12-08,94.0,94.1500015258789,91.76000213623047,92.4000015258789,90.30945587158203,1956000
2022-12-09,92.5,93.37999725341797,91.83000183105469,91.87999725341797,89.80121612548828,2764100
2022-12-12,92.04000091552734,93.51000213623047,91.22000122070312,93.33000183105469,91.21842193603516,2011100
2022-12-13,94.4000015258789,94.69999694824219,92.62000274658203,93.2300033569336,91.12068176269531,2333200
2022-12-14,94.27999877929688,94.61000061035156,92.58999633789062,92.80000305175781,90.70040893554688,2777200
2022-12-15,92.0999984741211,93.2699966430664,91.97000122070312,92.41999816894531,90.32901000976562,2661600
2022-12-16,91.56999969482422,92.79000091552734,90.52999877929688,92.30999755859375,90.22148895263672,8366200
2022-12-19,93.0,94.16999816894531,91.77999877929688,92.6500015258789,90.55380249023438,1965600
2022-12-20,92.72000122070312,93.91000366210938,92.30000305175781,92.94000244140625,90.83724975585938,1993300
2022-12-21,93.2300033569336,94.48999786376953,92.61000061035156,94.2699966430664,92.13714599609375,1497200
2022-12-22,94.12000274658203,94.26000213623047,91.95999908447266,93.48999786376953,91.37479400634766,1378300
2022-12-23,93.91999816894531,94.6500015258789,93.6500015258789,94.62000274658203,92.4792251586914,1106700
2022-12-27,94.98999786376953,96.16000366210938,94.94999694824219,95.91000366210938,93.74005126953125,1465600
2022-12-28,95.9000015258789,95.9000015258789,93.16000366210938,93.62000274658203,91.5018539428711,1576600
2022-12-29,93.87999725341797,94.20999908447266,93.02999877929688,93.12000274658203,91.01317596435547,1497200
2022-12-30,92.37000274658203,93.08000183105469,92.05000305175781,92.8499984741211,90.749267578125,1659300
2023-01-03,92.75,92.8499984741211,89.0199966430664,89.6500015258789,87.62167358398438,2286000
2023-01-04,89.41000366210938,89.41000366210938,86.05999755859375,86.38999938964844,84.43543243408203,5116400
2023-01-05,86.16999816894531,86.38999938964844,83.55000305175781,84.2300033569336,82.32431030273438,5358900
2023-01-06,84.88999938964844,86.38999938964844,84.44000244140625,85.94999694824219,84.00538635253906,4058600
2023-01-09,86.0,87.05000305175781,85.30999755859375,85.37000274658203,83.43850708007812,3935900
2023-01-10,85.68000030517578,86.4000015258789,85.16999816894531,86.2300033569336,84.279052734375,2615000
2023-01-11,86.76000213623047,86.83999633789062,86.0199966430664,86.68000030517578,84.7188720703125,2692500
2023-01-12,86.80000305175781,87.63999938964844,86.16000366210938,87.38999938964844,85.41281127929688,2813100
2023-01-13,87.0,88.70999908447266,87.0,88.4000015258789,86.39995574951172,2488300
2023-01-17,88.55999755859375,89.31999969482422,88.08000183105469,88.08999633789062,86.09696197509766,2744500
2023-01-18,88.0,88.30999755859375,84.88999938964844,85.0,83.07687377929688,3522600
2023-01-19,85.18000030517578,87.0,85.08999633789062,85.30999755859375,83.3798599243164,3148500
2023-01-20,85.38999938964844,85.62999725341797,83.95999908447266,84.75,82.8325424194336,10151400
2023-01-23,84.69999694824219,84.72000122070312,83.23999786376953,84.3499984741211,82.44158172607422,4333100
2023-01-24,84.6500015258789,85.91000366210938,83.0999984741211,85.7699966430664,83.82946014404297,2458200
2023-01-25,84.83000183105469,85.5999984741211,84.13999938964844,85.56999969482422,83.63398742675781,3000400
2023-01-26,86.08999633789062,86.26000213623047,82.80999755859375,84.9000015258789,82.9791488647461,4499600
2023-01-27,85.30000305175781,85.66999816894531,83.33999633789062,83.62999725341797,81.73786926269531,3527600
2023-01-30,83.12999725341797,83.33000183105469,81.93000030517578,82.25,80.38909912109375,4036400
2023-01-31,81.55999755859375,82.9800033569336,81.11000061035156,82.8499984741211,80.97552490234375,5008000
2023-02-01,82.73999786376953,83.83999633789062,82.52999877929688,83.37000274658203,81.4837646484375,5673900
2023-02-02,82.37000274658203,83.0,81.08999633789062,82.30999755859375,80.44773864746094,5729200
2023-02-03,83.0,83.69000244140625,82.06999969482422,82.27999877929688,80.41841888427734,2702800
2023-02-06,82.30000305175781,82.93000030517578,82.0,82.55999755859375,80.69207763671875,2881300
2023-02-07,82.3499984741211,82.75,81.70999908447266,82.66000366210938,80.78982543945312,3326400
2023-02-08,81.98999786376953,82.98999786376953,81.22000122070312,81.5999984741211,80.19036102294922,3082700
2023-02-09,81.73999786376953,86.13999938964844,80.30000305175781,80.5999984741211,79.20762634277344,3743100
2023-02-10,81.43000030517578,82.31999969482422,81.16999816894531,82.08999633789062,80.67189025878906,3444400
2023-02-13,82.11000061035156,82.20999908447266,81.16000366210938,81.9000015258789,80.48518371582031,3888400
2023-02-14,82.30000305175781,82.45999908447266,81.38999938964844,81.77999877929688,80.36724853515625,2379600
2023-02-15,81.5,82.0,81.05000305175781,81.73999786376953,80.32794189453125,3077700
2023-02-16,81.31999969482422,82.13999938964844,81.27999877929688,81.41999816894531,80.01346588134766,2409600
2023-02-17,81.27999877929688,81.63999938964844,80.88999938964844,81.58999633789062,80.18053436279297,2364100
2023-02-21,81.23999786376953,81.91999816894531,81.16000366210938,81.4000015258789,79.99381256103516,2261000
2023-02-22,81.94000244140625,82.3499984741211,81.44999694824219,81.61000061035156,80.20018768310547,3531800
2023-02-23,82.26000213623047,83.0,81.44999694824219,82.05000305175781,80.6325912475586,3186200
2023-02-24,82.04000091552734,82.04000091552734,81.02999877929688,81.44000244140625,80.03311920166016,2870600
2023-02-27,81.5999984741211,81.98999786376953,81.05999755859375,81.19000244140625,79.78744506835938,2279800
2023-02-28,80.91000366210938,80.91000366210938,78.94999694824219,79.5999984741211,78.22491455078125,5926200
2023-03-01,79.63999938964844,79.8499984741211,78.80999755859375,79.23999786376953,77.87112426757812,2987600
2023-03-02,79.26000213623047,81.0,79.0199966430664,80.56999969482422,79.17814636230469,2772500
2023-03-03,80.30999755859375,81.30000305175781,80.11000061035156,81.05999755859375,79.6596908569336,1866800
2023-03-06,80.95999908447266,81.41999816894531,80.52999877929688,81.4000015258789,79.99381256103516,2764500
2023-03-07,81.12000274658203,81.30999755859375,79.30000305175781,79.7300033569336,78.35266876220703,2400800
2023-03-08,79.81999969482422,80.05000305175781,79.20999908447266,79.91000366210938,78.5295639038086,1667300
2023-03-09,80.08000183105469,80.37000274658203,77.70999908447266,77.98999786376953,76.6427230834961,2704900
2023-03-10,77.5,78.20999908447266,76.38999938964844,76.66000366210938,75.33570098876953,4202000
2023-03-13,76.0,77.83999633789062,75.36000061035156,77.22000122070312,75.88603210449219,3608200
2023-03-14,78.36000061035156,79.3499984741211,78.01000213623047,78.94999694824219,77.58613586425781,3257800
2023-03-15,77.61000061035156,77.81999969482422,76.01000213623047,76.80999755859375,75.48310852050781,3395600
2023-03-16,76.01000213623047,76.5199966430664,75.20999908447266,76.47000122070312,75.14897918701172,3313900
2023-03-17,76.44000244140625,76.44000244140625,73.9800033569336,74.26000213623047,72.97716522216797,6452400
2023-03-20,74.79000091552734,77.47000122070312,74.5,76.93000030517578,75.60103607177734,3646400
2023-03-21,77.79000091552734,77.94000244140625,77.0,77.69000244140625,76.34790802001953,2506300
2023-03-22,77.94999694824219,78.55000305175781,76.95999908447266,76.97000122070312,75.64034271240234,2721600
2023-03-23,77.22000122070312,77.75,74.62999725341797,75.12999725341797,73.8321304321289,3030900
2023-03-24,74.70999908447266,76.76000213623047,74.16999816894531,76.61000061035156,75.28656005859375,2329500
2023-03-27,77.76000213623047,78.2699966430664,76.93000030517578,77.75,76.40687561035156,2406500
2023-03-28,77.88999938964844,79.05000305175781,77.87999725341797,78.55000305175781,77.19305419921875,2037000
2023-03-29,79.47000122070312,79.68000030517578,78.75,78.98999786376953,77.62544250488281,2011800
2023-03-30,79.25,79.69999694824219,78.95999908447266,79.47000122070312,78.09716033935547,2526000
2023-03-31,79.95999908447266,80.44999694824219,79.1500015258789,79.66000366210938,78.28387451171875,3416600
2023-04-03,79.5999984741211,81.2300033569336,79.5999984741211,80.41999816894531,79.0307388305664,2094500
2023-04-04,80.37000274658203,80.7699966430664,78.97000122070312,79.37999725341797,78.00870513916016,1962600
2023-04-05,79.16000366210938,79.55999755859375,78.6500015258789,79.41000366210938,78.03819274902344,2281500
2023-04-06,79.44999694824219,79.4800033569336,78.12999725341797,78.73999786376953,77.3797607421875,2413900
2023-04-10,78.83000183105469,80.23999786376953,78.83000183105469,80.05000305175781,78.6671371459961,2108600
2023-04-11,80.2300033569336,81.83999633789062,80.20999908447266,81.38999938964844,79.9839859008789,2521900
2023-04-12,81.38999938964844,81.80000305175781,80.98999786376953,81.11000061035156,79.70882415771484,2432000
2023-04-13,80.91999816894531,81.58999633789062,80.3499984741211,81.22000122070312,79.81692504882812,2154800
2023-04-14,81.9000015258789,82.8499984741211,81.58000183105469,81.79000091552734,80.3770751953125,2548800
2023-04-17,81.98999786376953,82.29000091552734,81.62999725341797,82.19999694824219,80.77999114990234,1654800
2023-04-18,82.02999877929688,82.69999694824219,81.98999786376953,82.55000305175781,81.12394714355469,1807000
2023-04-19,82.86000061035156,82.94999694824219,81.41000366210938,81.94999694824219,80.53430938720703,2168200
2023-04-20,81.36000061035156,81.70999908447266,80.62999725341797,81.0,79.6007308959961,1932300
2023-04-21,81.4800033569336,81.5199966430664,80.47000122070312,80.5,79.10935974121094,2160000
2023-04-24,80.80999755859375,81.47000122070312,80.48999786376953,80.80000305175781,79.40419006347656,2501900
2023-04-25,78.5,79.05000305175781,75.62000274658203,75.9000015258789,74.58882904052734,5777600
2023-04-26,75.81999969482422,77.69000244140625,75.2699966430664,77.02999877929688,75.69930267333984,3457700
2023-04-27,76.69999694824219,78.58999633789062,76.58000183105469,78.01000213623047,76.6623764038086,3294100
2023-04-28,77.55999755859375,78.18000030517578,77.30000305175781,78.08000183105469,76.73116302490234,3474600
2023-05-01,78.23999786376953,78.66000366210938,77.58000183105469,77.80000305175781,76.45600891113281,1872300
2023-05-02,77.08999633789062,77.08999633789062,74.97000122070312,75.5199966430664,74.21539306640625,3479500
2023-05-03,75.81999969482422,76.37999725341797,74.93000030517578,75.0199966430664,73.72402954101562,2590100
2023-05-04,74.77999877929688,75.47000122070312,73.76000213623047,74.22000122070312,72.93785858154297,3434900
2023-05-05,74.83999633789062,76.16999816894531,74.7300033569336,75.95999908447266,74.64778137207031,2507900
2023-05-08,76.27999877929688,76.52999877929688,75.25,75.4000015258789,74.09745788574219,2272700
2023-05-09,75.0,75.4000015258789,74.29000091552734,75.0199966430664,73.72402954101562,2464100
2023-05-10,75.2300033569336,75.62000274658203,74.41000366210938,74.63999938964844,73.35059356689453,3108100
2023-05-11,74.26000213623047,75.3499984741211,74.08000183105469,74.9000015258789,73.60610961914062,2640400
2023-05-12,74.98999786376953,75.5,74.66000366210938,75.37999725341797,74.07780456542969,1913300
2023-05-15,75.68000030517578,76.2300033569336,75.38999938964844,76.05999755859375,74.74605560302734,2630400
2023-05-16,75.25,75.45999908447266,73.12999725341797,73.1500015258789,72.31417083740234,2659400
2023-05-17,73.4000015258789,73.54000091552734,72.38999938964844,73.05000305175781,72.21531677246094,2719000
2023-05-18,72.72000122070312,72.8499984741211,71.75,72.79000091552734,71.95829010009766,3053400
2023-05-19,73.19000244140625,73.51000213623047,72.55000305175781,73.2300033569336,72.39325714111328,2731900
2023-05-22,73.69000244140625,73.88999938964844,72.83999633789062,73.44000244140625,72.60086059570312,2975400
2023-05-23,73.5,75.5199966430664,73.33000183105469,75.05000305175781,74.19245910644531,3076000
2023-05-24,75.0999984741211,75.20999908447266,72.80999755859375,72.8499984741211,72.01759338378906,2381900
2023-05-25,72.19999694824219,74.29000091552734,71.93000030517578,73.72000122070312,72.8776626586914,3812400
2023-05-26,73.87999725341797,74.22000122070312,72.44999694824219,72.7300033569336,71.89897155761719,2858600
2023-05-30,72.22000122070312,72.4800033569336,70.95999908447266,71.43000030517578,70.61382293701172,3055500
2023-05-31,70.94999694824219,71.37999725341797,70.33999633789062,70.6500015258789,69.84274291992188,5709500
2023-06-01,70.97000122070312,71.04000091552734,69.91999816894531,70.55000305175781,69.74388122558594,2613100
2023-06-02,71.26000213623047,72.04000091552734,70.93000030517578,71.97000122070312,71.14765167236328,2309700
2023-06-05,72.19000244140625,72.19000244140625,71.23999786376953,71.2699966430664,70.45565032958984,1907100
2023-06-06,71.01000213623047,72.5,71.01000213623047,72.38999938964844,71.56285095214844,1905500
2023-06-07,72.22000122070312,74.1500015258789,71.63999938964844,73.36000061035156,72.52177429199219,3023900
2023-06-08,73.36000061035156,73.36000061035156,71.16999816894531,72.19999694824219,71.3750228881836,2701500
2023-06-09,72.1500015258789,73.16000366210938,71.79000091552734,72.54000091552734,71.71113586425781,2281200
2023-06-12,72.62000274658203,73.56999969482422,72.08000183105469,73.16999816894531,72.33393859863281,2772500
2023-06-13,73.25,74.4800033569336,73.25,74.27999877929688,73.43125915527344,2601300
2023-06-14,74.94999694824219,75.16999816894531,72.80999755859375,73.1500015258789,72.31417083740234,3166100
2023-06-15,73.19000244140625,74.9000015258789,73.06999969482422,74.55999755859375,73.70806121826172,3366900
2023-06-16,74.9000015258789,76.0,74.47000122070312,75.4800033569336,74.6175537109375,5529600
2023-06-20,75.0,75.16999816894531,73.47000122070312,74.08000183105469,73.2335433959961,3379200
2023-06-21,73.62000274658203,74.7699966430664,72.44999694824219,73.45999908447266,72.62062072753906,3441000
2023-06-22,74.19999694824219,74.19999694824219,72.51000213623047,73.05999755859375,72.2251968383789,2472800
2023-06-23,72.77999877929688,73.16000366210938,72.52999877929688,72.9000015258789,72.06702423095703,3636700
2023-06-26,72.98999786376953,73.81999969482422,72.94999694824219,73.63999938964844,72.79856872558594,2512700
2023-06-27,73.29000091552734,74.05000305175781,72.69999694824219,73.88999938964844,73.04571533203125,2187900
2023-06-28,73.76000213623047,74.20999908447266,73.20999908447266,73.94000244140625,73.09514617919922,2473400
2023-06-29,73.95999908447266,75.7300033569336,73.95999908447266,74.62000274658203,73.76737976074219,2190000
2023-06-30,74.9000015258789,75.86000061035156,74.05999755859375,75.55999755859375,74.6966323852539,2942400
2023-07-03,75.69000244140625,77.16999816894531,75.58999633789062,76.7300033569336,75.853271484375,1485100
2023-07-05,76.45999908447266,77.58000183105469,76.27999877929688,77.41999816894531,76.53538513183594,2412500
2023-07-06,76.69000244140625,77.27999877929688,76.5199966430664,77.04000091552734,76.15972900390625,3300600
2023-07-07,76.62000274658203,78.5,76.55999755859375,78.01000213623047,77.11864471435547,3257100
2023-07-10,78.06999969482422,79.29000091552734,78.06999969482422,78.54000091552734,77.64258575439453,3159200
2023-07-11,78.93000030517578,80.5999984741211,78.86000061035156,80.47000122070312,79.550537109375,2769200
2023-07-12,80.80000305175781,80.87999725341797,78.62999725341797,78.7300033569336,77.83041381835938,2982500
2023-07-13,79.02999877929688,79.43000030517578,78.38999938964844,79.16999816894531,78.265380859375,2194800
2023-07-14,79.66000366210938,79.66000366210938,78.08000183105469,78.19999694824219,77.30646514892578,1869800
2023-07-17,78.62999725341797,79.76000213623047,78.2699966430664,79.55999755859375,78.65093231201172,2441100
2023-07-18,79.58000183105469,81.62000274658203,79.41999816894531,80.75,79.82733154296875,2793900
2023-07-19,81.02999877929688,81.56999969482422,80.30999755859375,81.0,80.07447814941406,2329500
2023-07-20,81.87999725341797,82.87999725341797,81.62999725341797,82.62999725341797,81.68585205078125,2934300
2023-07-21,82.95999908447266,82.98999786376953,82.0999984741211,82.13999938964844,81.20144653320312,2537900
2023-07-24,82.55000305175781,83.73999786376953,82.30999755859375,83.11000061035156,82.16036987304688,3059600
2023-07-25,83.23999786376953,86.30000305175781,82.70999908447266,86.05000305175781,85.0667724609375,4330300
2023-07-26,86.80000305175781,87.30000305175781,86.33000183105469,86.9000015258789,85.90706634521484,3134400
2023-07-27,86.9000015258789,87.29000091552734,85.47000122070312,85.79000091552734,84.80974578857422,2676400
2023-07-28,86.27999877929688,86.48999786376953,85.91000366210938,86.38999938964844,85.40288543701172,1620900
2023-07-31,86.98999786376953,87.0,84.36000061035156,84.95999908447266,83.98922729492188,5483600
2023-08-01,84.43000030517578,85.2300033569336,83.88999938964844,84.9800033569336,84.00900268554688,2293200
2023-08-02,84.48999786376953,85.87999725341797,84.30000305175781,84.79000091552734,83.82117462158203,2793500
2023-08-03,84.48999786376953,85.51000213623047,84.29000091552734,84.97000122070312,83.99911499023438,2134200
2023-08-04,85.54000091552734,87.0,85.51000213623047,85.55000305175781,84.5724868774414,3437500
2023-08-07,85.55000305175781,87.29000091552734,85.4000015258789,87.20999908447266,86.2135238647461,2750600
